date,variable,value
2016-03-10,return_btc,0.0074
2016-03-10,return_eth,0.0491
2016-03-10,return_sp500,0.0002
2016-03-10,return_ssc,-0.0202
2016-03-11,return_btc,0.0079
2016-03-11,return_eth,0.017
2016-03-11,return_sp500,0.0163999999999999
2016-03-11,return_ssc,0.002
2016-03-14,return_btc,0.0046
2016-03-14,return_eth,-0.1705
2016-03-14,return_sp500,-0.0013
2016-03-14,return_ssc,0.0175
2016-03-15,return_btc,0.002
2016-03-15,return_eth,0.0448
2016-03-15,return_sp500,-0.0018
2016-03-15,return_ssc,0.0017
2016-03-16,return_btc,0.0019
2016-03-16,return_eth,-0.0138
2016-03-16,return_sp500,0.0056
2016-03-16,return_ssc,0.0021
2016-03-17,return_btc,0.0054
2016-03-17,return_eth,-0.1661
2016-03-17,return_sp500,0.0066
2016-03-17,return_ssc,0.012
2016-03-18,return_btc,-0.0239
2016-03-18,return_eth,0.0
2016-03-18,return_sp500,0.0044
2016-03-18,return_ssc,0.0173
2016-03-21,return_btc,-0.001
2016-03-21,return_eth,0.1739
2016-03-21,return_sp500,0.001
2016-03-21,return_ssc,0.0215
2016-03-22,return_btc,0.0124
2016-03-22,return_eth,-0.0484999999999999
2016-03-22,return_sp500,-0.0009
2016-03-22,return_ssc,-0.0064
2016-03-23,return_btc,0.0019
2016-03-23,return_eth,0.0932
2016-03-23,return_sp500,-0.0064
2016-03-23,return_ssc,0.0034999999999999
2016-03-24,return_btc,-0.0054
2016-03-24,return_eth,-0.099
2016-03-24,return_sp500,-0.0004
2016-03-24,return_ssc,-0.0163
2016-03-28,return_btc,-0.0056
2016-03-28,return_eth,0.1173
2016-03-28,return_sp500,0.0005
2016-03-28,return_ssc,-0.0073
2016-03-29,return_btc,-0.0171
2016-03-29,return_eth,0.0146
2016-03-29,return_sp500,0.0088
2016-03-29,return_ssc,-0.0128
2016-03-30,return_btc,-0.0062
2016-03-30,return_eth,0.0051
2016-03-30,return_sp500,0.0044
2016-03-30,return_ssc,0.0277
2016-03-31,return_btc,0.0078
2016-03-31,return_eth,-0.0371
2016-03-31,return_sp500,-0.002
2016-03-31,return_ssc,0.0011
2016-04-01,return_btc,0.0
2016-04-01,return_eth,0.0184
2016-04-01,return_sp500,0.0063
2016-04-01,return_ssc,0.0019
2016-04-05,return_btc,0.0065
2016-04-05,return_eth,-0.0673
2016-04-05,return_sp500,-0.0101
2016-04-05,return_ssc,0.0144999999999999
2016-04-06,return_btc,-0.0019
2016-04-06,return_eth,0.0346
2016-04-06,return_sp500,0.0105
2016-04-06,return_ssc,-0.0008
2016-04-07,return_btc,-0.0027
2016-04-07,return_eth,-0.0595
2016-04-07,return_sp500,-0.012
2016-04-07,return_ssc,-0.0138
2016-04-08,return_btc,-0.0058
2016-04-08,return_eth,-0.0405
2016-04-08,return_sp500,0.0028
2016-04-08,return_ssc,-0.0078
2016-04-11,return_btc,0.0028
2016-04-11,return_eth,-0.0091
2016-04-11,return_sp500,-0.0027
2016-04-11,return_ssc,0.0163999999999999
2016-04-12,return_btc,0.0079
2016-04-12,return_eth,-0.1325
2016-04-12,return_sp500,0.0097
2016-04-12,return_ssc,-0.0034
2016-04-13,return_btc,-0.003
2016-04-13,return_eth,0.0744
2016-04-13,return_sp500,0.01
2016-04-13,return_ssc,0.0141999999999999
2016-04-14,return_btc,0.0013
2016-04-14,return_eth,0.0457
2016-04-14,return_sp500,0.0002
2016-04-14,return_ssc,0.0051
2016-04-15,return_btc,0.011
2016-04-15,return_eth,-0.0165
2016-04-15,return_sp500,-0.001
2016-04-15,return_ssc,-0.0014
2016-04-18,return_btc,0.0034
2016-04-18,return_eth,-0.0518
2016-04-18,return_sp500,0.0065
2016-04-18,return_ssc,-0.0144
2016-04-19,return_btc,0.0169
2016-04-19,return_eth,-0.0289999999999999
2016-04-19,return_sp500,0.0031
2016-04-19,return_ssc,0.003
2016-04-20,return_btc,0.0143
2016-04-20,return_eth,-0.0115
2016-04-20,return_sp500,0.0008
2016-04-20,return_ssc,-0.0231
2016-04-21,return_btc,0.0185
2016-04-21,return_eth,-0.0581
2016-04-21,return_sp500,-0.0052
2016-04-21,return_ssc,-0.0066
2016-04-22,return_btc,-0.009
2016-04-22,return_eth,-0.0173
2016-04-22,return_sp500,0.0
2016-04-22,return_ssc,0.0022
2016-04-25,return_btc,0.0091
2016-04-25,return_eth,-0.0691
2016-04-25,return_sp500,-0.0018
2016-04-25,return_ssc,-0.0042
2016-04-26,return_btc,0.0092
2016-04-26,return_eth,-0.0053
2016-04-26,return_sp500,0.0019
2016-04-26,return_ssc,0.0060999999999999
2016-04-27,return_btc,-0.0408
2016-04-27,return_eth,0.04
2016-04-27,return_sp500,0.0016
2016-04-27,return_ssc,-0.0037
2016-04-28,return_btc,0.0033
2016-04-28,return_eth,-0.0603
2016-04-28,return_sp500,-0.0092
2016-04-28,return_ssc,-0.0027
2016-04-29,return_btc,0.0144999999999999
2016-04-29,return_eth,0.0259
2016-04-29,return_sp500,-0.0051
2016-04-29,return_ssc,-0.0025
2016-05-03,return_btc,0.0137
2016-05-03,return_eth,-0.066
2016-05-03,return_sp500,-0.0087
2016-05-03,return_ssc,0.0185
2016-05-04,return_btc,-0.0098999999999999
2016-05-04,return_eth,0.0128
2016-05-04,return_sp500,-0.0059
2016-05-04,return_ssc,-0.0005
2016-05-05,return_btc,0.0051
2016-05-05,return_eth,0.0349
2016-05-05,return_sp500,-0.0002
2016-05-05,return_ssc,0.0022
2016-05-06,return_btc,0.0256
2016-05-06,return_eth,-0.0449
2016-05-06,return_sp500,0.0032
2016-05-06,return_ssc,-0.0282
2016-05-09,return_btc,0.0056
2016-05-09,return_eth,-0.0189
2016-05-09,return_sp500,0.0008
2016-05-09,return_ssc,-0.0279
2016-05-10,return_btc,-0.0241
2016-05-10,return_eth,0.0064
2016-05-10,return_sp500,0.0125
2016-05-10,return_ssc,0.0002
2016-05-11,return_btc,0.0069999999999999
2016-05-11,return_eth,0.0544
2016-05-11,return_sp500,-0.0096
2016-05-11,return_ssc,0.0016
2016-05-12,return_btc,0.0043
2016-05-12,return_eth,0.0152
2016-05-12,return_sp500,-0.0002
2016-05-12,return_ssc,-0.0004
2016-05-13,return_btc,0.0022
2016-05-13,return_eth,0.0558
2016-05-13,return_sp500,-0.0085
2016-05-13,return_ssc,-0.0031
2016-05-16,return_btc,-0.0070999999999999
2016-05-16,return_eth,0.1123
2016-05-16,return_sp500,0.0098
2016-05-16,return_ssc,0.0084
2016-05-17,return_btc,-0.0036
2016-05-17,return_eth,0.0892999999999999
2016-05-17,return_sp500,-0.0093999999999999
2016-05-17,return_ssc,-0.0025
2016-05-18,return_btc,0.0021
2016-05-18,return_eth,0.1051
2016-05-18,return_sp500,0.0002
2016-05-18,return_ssc,-0.0127
2016-05-19,return_btc,-0.0255
2016-05-19,return_eth,0.0921
2016-05-19,return_sp500,-0.0037
2016-05-19,return_ssc,-0.0002
2016-05-20,return_btc,-0.0012
2016-05-20,return_eth,-0.0542
2016-05-20,return_sp500,0.006
2016-05-20,return_ssc,0.0066
2016-05-23,return_btc,0.0093
2016-05-23,return_eth,-0.0556
2016-05-23,return_sp500,-0.0021
2016-05-23,return_ssc,0.0064
2016-05-24,return_btc,0.0055
2016-05-24,return_eth,-0.0513999999999999
2016-05-24,return_sp500,0.0137
2016-05-24,return_ssc,-0.0077
2016-05-25,return_btc,0.0081999999999999
2016-05-25,return_eth,-0.0189
2016-05-25,return_sp500,0.0069999999999999
2016-05-25,return_ssc,-0.0023
2016-05-26,return_btc,0.0078
2016-05-26,return_eth,-0.0008
2016-05-26,return_sp500,-0.0002
2016-05-26,return_ssc,0.0026
2016-05-27,return_btc,0.0458
2016-05-27,return_eth,-0.109
2016-05-27,return_sp500,0.0043
2016-05-27,return_ssc,-0.0005
2016-05-31,return_btc,-0.0063
2016-05-31,return_eth,0.1014
2016-05-31,return_sp500,-0.001
2016-05-31,return_ssc,0.0334
2016-06-01,return_btc,0.016
2016-06-01,return_eth,-0.0113999999999999
2016-06-01,return_sp500,0.0011
2016-06-01,return_ssc,-0.0011
2016-06-02,return_btc,-0.0006
2016-06-02,return_eth,-0.0036
2016-06-02,return_sp500,0.0028
2016-06-02,return_ssc,0.004
2016-06-03,return_btc,0.0557
2016-06-03,return_eth,0.0029
2016-06-03,return_sp500,-0.0029
2016-06-03,return_ssc,0.0046
2016-06-06,return_btc,0.0151
2016-06-06,return_eth,0.0056999999999999
2016-06-06,return_sp500,0.0049
2016-06-06,return_ssc,-0.0016
2016-06-07,return_btc,-0.0137
2016-06-07,return_eth,0.0335
2016-06-07,return_sp500,0.0013
2016-06-07,return_ssc,0.0007000000000000001
2016-06-08,return_btc,0.0086
2016-06-08,return_eth,-0.0007000000000000001
2016-06-08,return_sp500,0.0033
2016-06-08,return_ssc,-0.003
2016-06-13,return_btc,0.0503
2016-06-13,return_eth,0.1222
2016-06-13,return_sp500,-0.0081
2016-06-13,return_ssc,-0.0321
2016-06-14,return_btc,-0.0213
2016-06-14,return_eth,0.0564
2016-06-14,return_sp500,-0.0018
2016-06-14,return_ssc,0.0032
2016-06-15,return_btc,0.0081999999999999
2016-06-15,return_eth,-0.0149
2016-06-15,return_sp500,-0.0018
2016-06-15,return_ssc,0.0158
2016-06-16,return_btc,0.102
2016-06-16,return_eth,0.122
2016-06-16,return_sp500,0.0031
2016-06-16,return_ssc,-0.005
2016-06-17,return_btc,-0.0227
2016-06-17,return_eth,-0.2459
2016-06-17,return_sp500,-0.0033
2016-06-17,return_ssc,0.0043
2016-06-20,return_btc,-0.0356
2016-06-20,return_eth,-0.0426
2016-06-20,return_sp500,0.0058
2016-06-20,return_ssc,0.0013
2016-06-21,return_btc,-0.0907
2016-06-21,return_eth,0.0874
2016-06-21,return_sp500,0.0027
2016-06-21,return_ssc,-0.0034999999999999
2016-06-22,return_btc,-0.1151
2016-06-22,return_eth,0.024
2016-06-22,return_sp500,-0.0017
2016-06-22,return_ssc,0.0093999999999999
2016-06-23,return_btc,0.0513
2016-06-23,return_eth,0.0377
2016-06-23,return_sp500,0.0134
2016-06-23,return_ssc,-0.0046999999999999
2016-06-24,return_btc,0.0581
2016-06-24,return_eth,0.0393
2016-06-24,return_sp500,-0.0359
2016-06-24,return_ssc,-0.013
2016-06-27,return_btc,0.0308
2016-06-27,return_eth,0.0153
2016-06-27,return_sp500,-0.0181
2016-06-27,return_ssc,0.0144999999999999
2016-06-28,return_btc,0.0004
2016-06-28,return_eth,-0.1246
2016-06-28,return_sp500,0.0178
2016-06-28,return_ssc,0.0058
2016-06-29,return_btc,-0.0129
2016-06-29,return_eth,0.045
2016-06-29,return_sp500,0.017
2016-06-29,return_ssc,0.0065
2016-06-30,return_btc,0.0526
2016-06-30,return_eth,-0.0210999999999999
2016-06-30,return_sp500,0.0136
2016-06-30,return_ssc,-0.0007000000000000001
2016-07-01,return_btc,0.0068
2016-07-01,return_eth,-0.012
2016-07-01,return_sp500,0.0019
2016-07-01,return_ssc,0.001
2016-07-05,return_btc,-0.017
2016-07-05,return_eth,-0.0779
2016-07-05,return_sp500,-0.0068
2016-07-05,return_ssc,0.006
2016-07-06,return_btc,0.0136
2016-07-06,return_eth,0.0019
2016-07-06,return_sp500,0.0054
2016-07-06,return_ssc,0.0036
2016-07-07,return_btc,-0.0557
2016-07-07,return_eth,-0.0389
2016-07-07,return_sp500,-0.0009
2016-07-07,return_ssc,-0.0001
2016-07-08,return_btc,0.0433
2016-07-08,return_eth,0.1153999999999999
2016-07-08,return_sp500,0.0153
2016-07-08,return_ssc,-0.0095
2016-07-11,return_btc,-0.0006
2016-07-11,return_eth,-0.0401999999999999
2016-07-11,return_sp500,0.0034
2016-07-11,return_ssc,0.0023
2016-07-12,return_btc,0.0369
2016-07-12,return_eth,0.0038
2016-07-12,return_sp500,0.0069999999999999
2016-07-12,return_ssc,0.0182
2016-07-13,return_btc,-0.0139999999999999
2016-07-13,return_eth,-0.0076
2016-07-13,return_sp500,0.0001
2016-07-13,return_ssc,0.0037
2016-07-14,return_btc,-0.0059
2016-07-14,return_eth,0.1079
2016-07-14,return_sp500,0.0053
2016-07-14,return_ssc,-0.0022
2016-07-15,return_btc,0.0106
2016-07-15,return_eth,0.0283999999999999
2016-07-15,return_sp500,-0.0009
2016-07-15,return_ssc,0.0001
2016-07-18,return_btc,-0.0088
2016-07-18,return_eth,-0.0178
2016-07-18,return_sp500,0.0024
2016-07-18,return_ssc,-0.0034999999999999
2016-07-19,return_btc,0.0011
2016-07-19,return_eth,0.0643
2016-07-19,return_sp500,-0.0014
2016-07-19,return_ssc,-0.0023
2016-07-20,return_btc,-0.01
2016-07-20,return_eth,0.0621
2016-07-20,return_sp500,0.0043
2016-07-20,return_ssc,-0.0029
2016-07-21,return_btc,0.0003
2016-07-21,return_eth,0.0056
2016-07-21,return_sp500,-0.0036
2016-07-21,return_ssc,0.0037
2016-07-22,return_btc,-0.0203
2016-07-22,return_eth,0.1689
2016-07-22,return_sp500,0.0046
2016-07-22,return_ssc,-0.0086
2016-07-25,return_btc,-0.008
2016-07-25,return_eth,0.0909
2016-07-25,return_sp500,-0.003
2016-07-25,return_ssc,0.001
2016-07-26,return_btc,0.0006
2016-07-26,return_eth,-0.1297
2016-07-26,return_sp500,0.0003
2016-07-26,return_ssc,0.0113999999999999
2016-07-27,return_btc,0.0002
2016-07-27,return_eth,0.0849
2016-07-27,return_sp500,-0.0012
2016-07-27,return_ssc,-0.0191
2016-07-28,return_btc,-0.0006
2016-07-28,return_eth,-0.0123
2016-07-28,return_sp500,0.0016
2016-07-28,return_ssc,0.0008
2016-07-29,return_btc,0.002
2016-07-29,return_eth,0.0023
2016-07-29,return_sp500,0.0016
2016-07-29,return_ssc,-0.005
2016-08-01,return_btc,-0.0239
2016-08-01,return_eth,-0.0658
2016-08-01,return_sp500,-0.0013
2016-08-01,return_ssc,-0.0087
2016-08-02,return_btc,-0.1542
2016-08-02,return_eth,-0.083
2016-08-02,return_sp500,-0.0064
2016-08-02,return_ssc,0.0060999999999999
2016-08-03,return_btc,0.1032
2016-08-03,return_eth,0.0
2016-08-03,return_sp500,0.0031
2016-08-03,return_ssc,0.0024
2016-08-04,return_btc,0.0173
2016-08-04,return_eth,0.0
2016-08-04,return_sp500,0.0002
2016-08-04,return_ssc,0.0013
2016-08-05,return_btc,-0.0027
2016-08-05,return_eth,0.0
2016-08-05,return_sp500,0.0086
2016-08-05,return_ssc,-0.0019
2016-08-08,return_btc,-0.0027
2016-08-08,return_eth,0.0
2016-08-08,return_sp500,-0.0009
2016-08-08,return_ssc,0.0093
2016-08-09,return_btc,-0.0068
2016-08-09,return_eth,0.0
2016-08-09,return_sp500,0.0004
2016-08-09,return_ssc,0.0070999999999999
2016-08-10,return_btc,0.0097
2016-08-10,return_eth,0.188
2016-08-10,return_sp500,-0.0029
2016-08-10,return_ssc,-0.0023
2016-08-11,return_btc,-0.0052
2016-08-11,return_eth,-0.0356
2016-08-11,return_sp500,0.0046999999999999
2016-08-11,return_ssc,-0.0053
2016-08-12,return_btc,-0.0012
2016-08-12,return_eth,0.0026
2016-08-12,return_sp500,-0.0008
2016-08-12,return_ssc,0.016
2016-08-15,return_btc,-0.0037
2016-08-15,return_eth,-0.0063
2016-08-15,return_sp500,0.0028
2016-08-15,return_ssc,0.0243999999999999
2016-08-16,return_btc,0.0233999999999999
2016-08-16,return_eth,-0.0018
2016-08-16,return_sp500,-0.0055
2016-08-16,return_ssc,-0.0049
2016-08-17,return_btc,-0.0135
2016-08-17,return_eth,-0.0316
2016-08-17,return_sp500,0.0019
2016-08-17,return_ssc,-0.0002
2016-08-18,return_btc,0.0018
2016-08-18,return_eth,-0.0028
2016-08-18,return_sp500,0.0022
2016-08-18,return_ssc,-0.0017
2016-08-19,return_btc,0.002
2016-08-19,return_eth,-0.0009
2016-08-19,return_sp500,-0.0014
2016-08-19,return_ssc,0.0013
2016-08-22,return_btc,0.0116999999999999
2016-08-22,return_eth,0.0009
2016-08-22,return_sp500,-0.0006
2016-08-22,return_ssc,-0.0075
2016-08-23,return_btc,-0.0067
2016-08-23,return_eth,-0.0135
2016-08-23,return_sp500,0.002
2016-08-23,return_ssc,0.0016
2016-08-24,return_btc,-0.0067
2016-08-24,return_eth,-0.0009
2016-08-24,return_sp500,-0.0052
2016-08-24,return_ssc,-0.0012
2016-08-25,return_btc,-0.0029
2016-08-25,return_eth,0.0373
2016-08-25,return_sp500,-0.0014
2016-08-25,return_ssc,-0.0056999999999999
2016-08-26,return_btc,0.0024
2016-08-26,return_eth,-0.0149
2016-08-26,return_sp500,-0.0016
2016-08-26,return_ssc,0.0006
2016-08-29,return_btc,-0.0013
2016-08-29,return_eth,-0.0009
2016-08-29,return_sp500,0.0052
2016-08-29,return_ssc,-0.0001
2016-08-30,return_btc,0.0054
2016-08-30,return_eth,0.0329
2016-08-30,return_sp500,-0.002
2016-08-30,return_ssc,0.0015
2016-08-31,return_btc,-0.006
2016-08-31,return_eth,0.0301
2016-08-31,return_sp500,-0.0024
2016-08-31,return_ssc,0.0034999999999999
2016-09-01,return_btc,-0.0033
2016-09-01,return_eth,0.0507
2016-09-01,return_sp500,-0.0
2016-09-01,return_ssc,-0.0072
2016-09-02,return_btc,0.0058
2016-09-02,return_eth,-0.0074
2016-09-02,return_sp500,0.0042
2016-09-02,return_ssc,0.0013
2016-09-06,return_btc,0.0077
2016-09-06,return_eth,-0.0101
2016-09-06,return_sp500,0.003
2016-09-06,return_ssc,0.0060999999999999
2016-09-07,return_btc,0.0045
2016-09-07,return_eth,-0.0077
2016-09-07,return_sp500,-0.0001
2016-09-07,return_ssc,0.0004
2016-09-08,return_btc,0.0202
2016-09-08,return_eth,-0.0163
2016-09-08,return_sp500,-0.0022
2016-09-08,return_ssc,0.0013
2016-09-09,return_btc,-0.0039
2016-09-09,return_eth,0.0200999999999999
2016-09-09,return_sp500,-0.0245
2016-09-09,return_ssc,-0.0055
2016-09-12,return_btc,0.0039
2016-09-12,return_eth,0.0274
2016-09-12,return_sp500,0.0147
2016-09-12,return_ssc,-0.0185
2016-09-13,return_btc,0.001
2016-09-13,return_eth,0.0008
2016-09-13,return_sp500,-0.0148
2016-09-13,return_ssc,0.0005
2016-09-14,return_btc,0.0015
2016-09-14,return_eth,-0.0058
2016-09-14,return_sp500,-0.0006
2016-09-14,return_ssc,-0.0068
2016-09-19,return_btc,-0.0014
2016-09-19,return_eth,0.0471
2016-09-19,return_sp500,-0.0
2016-09-19,return_ssc,0.0077
2016-09-20,return_btc,-0.001
2016-09-20,return_eth,0.1202
2016-09-20,return_sp500,0.0003
2016-09-20,return_ssc,-0.001
2016-09-21,return_btc,-0.0197999999999999
2016-09-21,return_eth,-0.0491
2016-09-21,return_sp500,0.0109
2016-09-21,return_ssc,0.0009
2016-09-22,return_btc,-0.0026
2016-09-22,return_eth,-0.0415
2016-09-22,return_sp500,0.0065
2016-09-22,return_ssc,0.0054
2016-09-23,return_btc,0.0121999999999999
2016-09-23,return_eth,0.0144
2016-09-23,return_sp500,-0.0056999999999999
2016-09-23,return_ssc,-0.0028
2016-09-26,return_btc,0.0084
2016-09-26,return_eth,-0.0115
2016-09-26,return_sp500,-0.0086
2016-09-26,return_ssc,-0.0176
2016-09-27,return_btc,-0.0018
2016-09-27,return_eth,0.0139999999999999
2016-09-27,return_sp500,0.0064
2016-09-27,return_ssc,0.006
2016-09-28,return_btc,-0.0013
2016-09-28,return_eth,0.013
2016-09-28,return_sp500,0.0053
2016-09-28,return_ssc,-0.0034
2016-09-29,return_btc,0.0
2016-09-29,return_eth,-0.0113
2016-09-29,return_sp500,-0.0093
2016-09-29,return_ssc,0.0036
2016-09-30,return_btc,0.0056999999999999
2016-09-30,return_eth,0.0153
2016-09-30,return_sp500,0.008
2016-09-30,return_ssc,0.0021
2016-10-10,return_btc,0.0025
2016-10-10,return_eth,-0.0233
2016-10-10,return_sp500,0.0046
2016-10-10,return_ssc,0.0144999999999999
2016-10-11,return_btc,0.0375
2016-10-11,return_eth,0.0043
2016-10-11,return_sp500,-0.0124
2016-10-11,return_ssc,0.0056
2016-10-12,return_btc,-0.0069999999999999
2016-10-12,return_eth,-0.0051
2016-10-12,return_sp500,0.0011
2016-10-12,return_ssc,-0.0022
2016-10-13,return_btc,-0.0006
2016-10-13,return_eth,0.0299
2016-10-13,return_sp500,-0.0031
2016-10-13,return_ssc,0.0009
2016-10-14,return_btc,0.0037
2016-10-14,return_eth,-0.0116
2016-10-14,return_sp500,0.0002
2016-10-14,return_ssc,0.0008
2016-10-17,return_btc,-0.0043
2016-10-17,return_eth,0.0017
2016-10-17,return_sp500,-0.003
2016-10-17,return_ssc,-0.0074
2016-10-18,return_btc,-0.0032
2016-10-18,return_eth,0.045
2016-10-18,return_sp500,0.0062
2016-10-18,return_ssc,0.0139999999999999
2016-10-19,return_btc,-0.0098999999999999
2016-10-19,return_eth,-0.0438999999999999
2016-10-19,return_sp500,0.0022
2016-10-19,return_ssc,0.0003
2016-10-20,return_btc,-0.0011
2016-10-20,return_eth,0.0083
2016-10-20,return_sp500,-0.0014
2016-10-20,return_ssc,-0.0001
2016-10-21,return_btc,0.0034
2016-10-21,return_eth,0.0058
2016-10-21,return_sp500,-0.0001
2016-10-21,return_ssc,0.0021
2016-10-24,return_btc,-0.0039
2016-10-24,return_eth,-0.0066
2016-10-24,return_sp500,0.0046999999999999
2016-10-24,return_ssc,0.0121
2016-10-25,return_btc,0.0008
2016-10-25,return_eth,-0.0525
2016-10-25,return_sp500,-0.0038
2016-10-25,return_ssc,0.0012
2016-10-26,return_btc,0.0364
2016-10-26,return_eth,0.0123
2016-10-26,return_sp500,-0.0017
2016-10-26,return_ssc,-0.005
2016-10-27,return_btc,0.0113
2016-10-27,return_eth,0.0060999999999999
2016-10-27,return_sp500,-0.003
2016-10-27,return_ssc,-0.0013
2016-10-28,return_btc,0.0058
2016-10-28,return_eth,-0.0363
2016-10-28,return_sp500,-0.0031
2016-10-28,return_ssc,-0.0026
2016-10-31,return_btc,0.002
2016-10-31,return_eth,-0.0283999999999999
2016-10-31,return_sp500,-0.0001
2016-10-31,return_ssc,-0.0012
2016-11-01,return_btc,0.0401999999999999
2016-11-01,return_eth,-0.0137
2016-11-01,return_sp500,-0.0068
2016-11-01,return_ssc,0.0070999999999999
2016-11-02,return_btc,0.0093
2016-11-02,return_eth,0.0046
2016-11-02,return_sp500,-0.0065
2016-11-02,return_ssc,-0.0063
2016-11-03,return_btc,-0.0663
2016-11-03,return_eth,0.0
2016-11-03,return_sp500,-0.0044
2016-11-03,return_ssc,0.0084
2016-11-04,return_btc,0.0250999999999999
2016-11-04,return_eth,0.0322
2016-11-04,return_sp500,-0.0017
2016-11-04,return_ssc,-0.0012
2016-11-07,return_btc,-0.0064
2016-11-07,return_eth,-0.0027
2016-11-07,return_sp500,0.0222
2016-11-07,return_ssc,0.0026
2016-11-08,return_btc,0.0078
2016-11-08,return_eth,0.0037
2016-11-08,return_sp500,0.0038
2016-11-08,return_ssc,0.0046
2016-11-09,return_btc,0.0148
2016-11-09,return_eth,-0.0183
2016-11-09,return_sp500,0.0111
2016-11-09,return_ssc,-0.0062
2016-11-10,return_btc,-0.0095
2016-11-10,return_eth,-0.0168
2016-11-10,return_sp500,0.002
2016-11-10,return_ssc,0.0137
2016-11-11,return_btc,0.0006
2016-11-11,return_eth,-0.0256
2016-11-11,return_sp500,-0.0014
2016-11-11,return_ssc,0.0078
2016-11-14,return_btc,0.0037
2016-11-14,return_eth,-0.0079
2016-11-14,return_sp500,-0.0001
2016-11-14,return_ssc,0.0045
2016-11-15,return_btc,0.0093
2016-11-15,return_eth,0.027
2016-11-15,return_sp500,0.0075
2016-11-15,return_ssc,-0.0011
2016-11-16,return_btc,0.0409999999999999
2016-11-16,return_eth,-0.0243
2016-11-16,return_sp500,-0.0016
2016-11-16,return_ssc,-0.0006
2016-11-17,return_btc,-0.0037
2016-11-17,return_eth,-0.003
2016-11-17,return_sp500,0.0046999999999999
2016-11-17,return_ssc,0.0011
2016-11-18,return_btc,0.0128
2016-11-18,return_eth,-0.047
2016-11-18,return_sp500,-0.0024
2016-11-18,return_ssc,-0.0049
2016-11-21,return_btc,0.0105
2016-11-21,return_eth,0.0042
2016-11-21,return_sp500,0.0075
2016-11-21,return_ssc,0.0079
2016-11-22,return_btc,0.0179
2016-11-22,return_eth,0.0239
2016-11-22,return_sp500,0.0022
2016-11-22,return_ssc,0.0093999999999999
2016-11-23,return_btc,-0.011
2016-11-23,return_eth,-0.0152
2016-11-23,return_sp500,0.0008
2016-11-23,return_ssc,-0.0022
2016-11-25,return_btc,0.0069
2016-11-25,return_eth,0.0196
2016-11-25,return_sp500,0.0039
2016-11-25,return_ssc,0.0062
2016-11-28,return_btc,0.0053
2016-11-28,return_eth,-0.0203
2016-11-28,return_sp500,-0.0053
2016-11-28,return_ssc,0.0046
2016-11-29,return_btc,-0.001
2016-11-29,return_eth,-0.0621
2016-11-29,return_sp500,0.0013
2016-11-29,return_ssc,0.0018
2016-11-30,return_btc,0.0136
2016-11-30,return_eth,0.0564
2016-11-30,return_sp500,-0.0027
2016-11-30,return_ssc,-0.01
2016-12-01,return_btc,0.0137
2016-12-01,return_eth,-0.0186
2016-12-01,return_sp500,-0.0034999999999999
2016-12-01,return_ssc,0.0072
2016-12-02,return_btc,0.0243
2016-12-02,return_eth,-0.0898
2016-12-02,return_sp500,0.0004
2016-12-02,return_ssc,-0.009
2016-12-05,return_btc,-0.0157
2016-12-05,return_eth,-0.1125999999999999
2016-12-05,return_sp500,0.0058
2016-12-05,return_ssc,-0.0121
2016-12-06,return_btc,0.0051
2016-12-06,return_eth,0.1507
2016-12-06,return_sp500,0.0034
2016-12-06,return_ssc,-0.0016
2016-12-07,return_btc,0.0097
2016-12-07,return_eth,0.0803999999999999
2016-12-07,return_sp500,0.0132
2016-12-07,return_ssc,0.0070999999999999
2016-12-08,return_btc,0.0038
2016-12-08,return_eth,-0.0036
2016-12-08,return_sp500,0.0022
2016-12-08,return_ssc,-0.0021
2016-12-09,return_btc,0.0026
2016-12-09,return_eth,0.0265
2016-12-09,return_sp500,0.0059
2016-12-09,return_ssc,0.0054
2016-12-12,return_btc,0.0138
2016-12-12,return_eth,0.0317
2016-12-12,return_sp500,-0.0011
2016-12-12,return_ssc,-0.0247
2016-12-13,return_btc,0.0003
2016-12-13,return_eth,-0.0107
2016-12-13,return_sp500,0.0065
2016-12-13,return_ssc,0.0007000000000000001
2016-12-14,return_btc,-0.0029
2016-12-14,return_eth,-0.0179
2016-12-14,return_sp500,-0.0081
2016-12-14,return_ssc,-0.0046
2016-12-15,return_btc,-0.0017
2016-12-15,return_eth,-0.0463
2016-12-15,return_sp500,0.0039
2016-12-15,return_ssc,-0.0073
2016-12-16,return_btc,0.0088
2016-12-16,return_eth,0.0038
2016-12-16,return_sp500,-0.0018
2016-12-16,return_ssc,0.0017
2016-12-19,return_btc,0.001
2016-12-19,return_eth,-0.0441
2016-12-19,return_sp500,0.002
2016-12-19,return_ssc,-0.0016
2016-12-20,return_btc,0.0118
2016-12-20,return_eth,0.004
2016-12-20,return_sp500,0.0036
2016-12-20,return_ssc,-0.0049
2016-12-21,return_btc,0.0377
2016-12-21,return_eth,0.0368
2016-12-21,return_sp500,-0.0025
2016-12-21,return_ssc,0.0111
2016-12-22,return_btc,0.0373
2016-12-22,return_eth,-0.0355
2016-12-22,return_sp500,-0.0019
2016-12-22,return_ssc,0.0007000000000000001
2016-12-23,return_btc,0.0663
2016-12-23,return_eth,-0.0591
2016-12-23,return_sp500,0.0013
2016-12-23,return_ssc,-0.0093999999999999
2016-12-27,return_btc,0.0305
2016-12-27,return_eth,-0.0206
2016-12-27,return_sp500,0.0022
2016-12-27,return_ssc,-0.0025
2016-12-28,return_btc,0.0501
2016-12-28,return_eth,0.0646
2016-12-28,return_sp500,-0.0084
2016-12-28,return_ssc,-0.004
2016-12-29,return_btc,-0.0011
2016-12-29,return_eth,0.091
2016-12-29,return_sp500,-0.0003
2016-12-29,return_ssc,-0.002
2016-12-30,return_btc,-0.0124
2016-12-30,return_eth,-0.0133
2016-12-30,return_sp500,-0.0046
2016-12-30,return_ssc,0.0024
2017-01-03,return_btc,0.016
2017-01-03,return_eth,0.1637
2017-01-03,return_sp500,0.0085
2017-01-03,return_ssc,0.0104
2017-01-04,return_btc,0.0988
2017-01-04,return_eth,0.1294
2017-01-04,return_sp500,0.0056999999999999
2017-01-04,return_ssc,0.0073
2017-01-05,return_btc,-0.1286
2017-01-05,return_eth,-0.0773
2017-01-05,return_sp500,-0.0008
2017-01-05,return_ssc,0.0021
2017-01-06,return_btc,-0.1043
2017-01-06,return_eth,-0.0069
2017-01-06,return_sp500,0.0034999999999999
2017-01-06,return_ssc,-0.0034999999999999
2017-01-09,return_btc,-0.0012
2017-01-09,return_eth,-0.0019
2017-01-09,return_sp500,-0.0034999999999999
2017-01-09,return_ssc,0.0054
2017-01-10,return_btc,0.0051
2017-01-10,return_eth,0.0341
2017-01-10,return_sp500,0.0
2017-01-10,return_ssc,-0.003
2017-01-11,return_btc,-0.1315
2017-01-11,return_eth,-0.0773
2017-01-11,return_sp500,0.0028
2017-01-11,return_ssc,-0.0079
2017-01-12,return_btc,0.0314
2017-01-12,return_eth,0.0040999999999999
2017-01-12,return_sp500,-0.0021
2017-01-12,return_ssc,-0.0056
2017-01-13,return_btc,0.0182
2017-01-13,return_eth,-0.0163
2017-01-13,return_sp500,0.0018
2017-01-13,return_ssc,-0.0021
2017-01-17,return_btc,0.0874
2017-01-17,return_eth,0.0530999999999999
2017-01-17,return_sp500,-0.003
2017-01-17,return_ssc,0.0017
2017-01-18,return_btc,-0.0306999999999999
2017-01-18,return_eth,0.0069
2017-01-18,return_sp500,0.0018
2017-01-18,return_ssc,0.0014
2017-01-19,return_btc,0.0266
2017-01-19,return_eth,0.0186
2017-01-19,return_sp500,-0.0036
2017-01-19,return_ssc,-0.0038
2017-01-20,return_btc,-0.0026
2017-01-20,return_eth,0.0231
2017-01-20,return_sp500,0.0034
2017-01-20,return_ssc,0.0069999999999999
2017-01-23,return_btc,0.0029
2017-01-23,return_eth,0.0121999999999999
2017-01-23,return_sp500,-0.0027
2017-01-23,return_ssc,0.0044
2017-01-24,return_btc,-0.0301
2017-01-24,return_eth,-0.0250999999999999
2017-01-24,return_sp500,0.0066
2017-01-24,return_ssc,0.0018
2017-01-25,return_btc,0.0007000000000000001
2017-01-25,return_eth,-0.0019
2017-01-25,return_sp500,0.008
2017-01-25,return_ssc,0.0022
2017-01-26,return_btc,0.0236
2017-01-26,return_eth,0.0143
2017-01-26,return_sp500,-0.0007000000000000001
2017-01-26,return_ssc,0.0031
2017-02-03,return_btc,0.009
2017-02-03,return_eth,0.012
2017-02-03,return_sp500,0.0073
2017-02-03,return_ssc,-0.006
2017-02-06,return_btc,0.0084
2017-02-06,return_eth,0.0125
2017-02-06,return_sp500,-0.0021
2017-02-06,return_ssc,0.0054
2017-02-07,return_btc,0.0243
2017-02-07,return_eth,0.008
2017-02-07,return_sp500,0.0002
2017-02-07,return_ssc,-0.0012
2017-02-08,return_btc,0.0056
2017-02-08,return_eth,-0.0053
2017-02-08,return_sp500,0.0007000000000000001
2017-02-08,return_ssc,0.0044
2017-02-09,return_btc,-0.0725
2017-02-09,return_eth,-0.0395999999999999
2017-02-09,return_sp500,0.0058
2017-02-09,return_ssc,0.0051
2017-02-10,return_btc,0.0191
2017-02-10,return_eth,0.0366999999999999
2017-02-10,return_sp500,0.0036
2017-02-10,return_ssc,0.0042
2017-02-13,return_btc,-0.0012
2017-02-13,return_eth,0.008
2017-02-13,return_sp500,0.0052
2017-02-13,return_ssc,0.0063
2017-02-14,return_btc,0.013
2017-02-14,return_eth,0.1419
2017-02-14,return_sp500,0.004
2017-02-14,return_ssc,0.0003
2017-02-15,return_btc,-0.0001
2017-02-15,return_eth,-0.0031
2017-02-15,return_sp500,0.005
2017-02-15,return_ssc,-0.0015
2017-02-16,return_btc,0.0235
2017-02-16,return_eth,0.0
2017-02-16,return_sp500,-0.0009
2017-02-16,return_ssc,0.0052
2017-02-17,return_btc,0.0169
2017-02-17,return_eth,-0.0124
2017-02-17,return_sp500,0.0017
2017-02-17,return_ssc,-0.0085
2017-02-21,return_btc,0.0385
2017-02-21,return_eth,0.0339
2017-02-21,return_sp500,0.006
2017-02-21,return_ssc,0.0040999999999999
2017-02-22,return_btc,0.0013
2017-02-22,return_eth,-0.0109
2017-02-22,return_sp500,-0.0011
2017-02-22,return_ssc,0.0024
2017-02-23,return_btc,0.0458999999999999
2017-02-23,return_eth,0.0465
2017-02-23,return_sp500,0.0004
2017-02-23,return_ssc,-0.003
2017-02-24,return_btc,0.0039
2017-02-24,return_eth,-0.0121
2017-02-24,return_sp500,0.0015
2017-02-24,return_ssc,0.0006
2017-02-27,return_btc,0.0147
2017-02-27,return_eth,0.0638
2017-02-27,return_sp500,0.001
2017-02-27,return_ssc,-0.0076
2017-02-28,return_btc,0.0004
2017-02-28,return_eth,0.0232
2017-02-28,return_sp500,-0.0026
2017-02-28,return_ssc,0.004
2017-03-01,return_btc,0.0281
2017-03-01,return_eth,0.099
2017-03-01,return_sp500,0.0137
2017-03-01,return_ssc,0.0016
2017-03-02,return_btc,0.0268
2017-03-02,return_eth,0.0911999999999999
2017-03-02,return_sp500,-0.0059
2017-03-02,return_ssc,-0.0052
2017-03-03,return_btc,0.0222
2017-03-03,return_eth,0.0247
2017-03-03,return_sp500,0.0005
2017-03-03,return_ssc,-0.0036
2017-03-06,return_btc,0.0046
2017-03-06,return_eth,0.0083
2017-03-06,return_sp500,-0.0033
2017-03-06,return_ssc,0.0048
2017-03-07,return_btc,-0.0347
2017-03-07,return_eth,-0.0323
2017-03-07,return_sp500,-0.0029
2017-03-07,return_ssc,0.0026
2017-03-08,return_btc,-0.0695
2017-03-08,return_eth,-0.1255
2017-03-08,return_sp500,-0.0023
2017-03-08,return_ssc,-0.0005
2017-03-09,return_btc,0.0387
2017-03-09,return_eth,0.0751
2017-03-09,return_sp500,0.0008
2017-03-09,return_ssc,-0.0074
2017-03-10,return_btc,-0.0663
2017-03-10,return_eth,0.0806
2017-03-10,return_sp500,0.0033
2017-03-10,return_ssc,-0.0012
2017-03-13,return_btc,0.0107
2017-03-13,return_eth,0.2241
2017-03-13,return_sp500,0.0004
2017-03-13,return_ssc,0.0076
2017-03-14,return_btc,0.004
2017-03-14,return_eth,0.0092
2017-03-14,return_sp500,-0.0034
2017-03-14,return_ssc,0.0007000000000000001
2017-03-15,return_btc,0.0083
2017-03-15,return_eth,0.2142
2017-03-15,return_sp500,0.0084
2017-03-15,return_ssc,0.0008
2017-03-16,return_btc,-0.0643
2017-03-16,return_eth,0.2951
2017-03-16,return_sp500,-0.0016
2017-03-16,return_ssc,0.0084
2017-03-17,return_btc,-0.0863
2017-03-17,return_eth,-0.0093
2017-03-17,return_sp500,-0.0013
2017-03-17,return_ssc,-0.0096
2017-03-20,return_btc,0.0243999999999999
2017-03-20,return_eth,-0.0256999999999999
2017-03-20,return_sp500,-0.002
2017-03-20,return_ssc,0.0040999999999999
2017-03-21,return_btc,0.0704
2017-03-21,return_eth,0.0093
2017-03-21,return_sp500,-0.0124
2017-03-21,return_ssc,0.0033
2017-03-22,return_btc,-0.0683
2017-03-22,return_eth,-0.0233
2017-03-22,return_sp500,0.0019
2017-03-22,return_ssc,-0.005
2017-03-23,return_btc,-0.0093
2017-03-23,return_eth,0.0405
2017-03-23,return_sp500,-0.0011
2017-03-23,return_ssc,0.001
2017-03-24,return_btc,-0.0921
2017-03-24,return_eth,0.252
2017-03-24,return_sp500,-0.0008
2017-03-24,return_ssc,0.0064
2017-03-27,return_btc,0.0781
2017-03-27,return_eth,-0.0302999999999999
2017-03-27,return_sp500,-0.001
2017-03-27,return_ssc,-0.0008
2017-03-28,return_btc,-0.0007000000000000001
2017-03-28,return_eth,0.0250999999999999
2017-03-28,return_sp500,0.0073
2017-03-28,return_ssc,-0.0043
2017-03-29,return_btc,-0.0024
2017-03-29,return_eth,0.0542
2017-03-29,return_sp500,0.0011
2017-03-29,return_ssc,-0.0036
2017-03-30,return_btc,-0.0038
2017-03-30,return_eth,-0.0237999999999999
2017-03-30,return_sp500,0.0029
2017-03-30,return_ssc,-0.0096
2017-03-31,return_btc,0.0397
2017-03-31,return_eth,-0.0368
2017-03-31,return_sp500,-0.0023
2017-03-31,return_ssc,0.0038
2017-04-05,return_btc,-0.0104
2017-04-05,return_eth,0.0212
2017-04-05,return_sp500,-0.0031
2017-04-05,return_ssc,0.0148
2017-04-06,return_btc,0.0521
2017-04-06,return_eth,-0.0494
2017-04-06,return_sp500,0.0019
2017-04-06,return_ssc,0.0033
2017-04-07,return_btc,0.0015
2017-04-07,return_eth,-0.0199
2017-04-07,return_sp500,-0.0008
2017-04-07,return_ssc,0.0017
2017-04-10,return_btc,0.002
2017-04-10,return_eth,0.0052
2017-04-10,return_sp500,0.0007000000000000001
2017-04-10,return_ssc,-0.0052
2017-04-11,return_btc,0.0116
2017-04-11,return_eth,0.0009
2017-04-11,return_sp500,-0.0014
2017-04-11,return_ssc,0.006
2017-04-12,return_btc,-0.0067
2017-04-12,return_eth,0.0596999999999999
2017-04-12,return_sp500,-0.0038
2017-04-12,return_ssc,-0.0046
2017-04-13,return_btc,-0.03
2017-04-13,return_eth,0.0810999999999999
2017-04-13,return_sp500,-0.0068
2017-04-13,return_ssc,0.0007000000000000001
2017-04-17,return_btc,0.0146
2017-04-17,return_eth,-0.0012
2017-04-17,return_sp500,0.0086
2017-04-17,return_ssc,-0.0074
2017-04-18,return_btc,0.0101
2017-04-18,return_eth,0.0586
2017-04-18,return_sp500,-0.0029
2017-04-18,return_ssc,-0.0079
2017-04-19,return_btc,0.0076
2017-04-19,return_eth,-0.0527
2017-04-19,return_sp500,-0.0017
2017-04-19,return_ssc,-0.0081
2017-04-20,return_btc,0.0187999999999999
2017-04-20,return_eth,0.0463
2017-04-20,return_sp500,0.0076
2017-04-20,return_ssc,0.0004
2017-04-21,return_btc,0.0093
2017-04-21,return_eth,-0.0113999999999999
2017-04-21,return_sp500,-0.003
2017-04-21,return_ssc,0.0003
2017-04-24,return_btc,-0.0008
2017-04-24,return_eth,0.0039
2017-04-24,return_sp500,0.0108
2017-04-24,return_ssc,-0.0137
2017-04-25,return_btc,0.0129
2017-04-25,return_eth,0.0067
2017-04-25,return_sp500,0.0060999999999999
2017-04-25,return_ssc,0.0016
2017-04-26,return_btc,0.0177
2017-04-26,return_eth,0.0633
2017-04-26,return_sp500,-0.0005
2017-04-26,return_ssc,0.002
2017-04-27,return_btc,0.036
2017-04-27,return_eth,0.1865
2017-04-27,return_sp500,0.0006
2017-04-27,return_ssc,0.0036
2017-04-28,return_btc,-0.0025
2017-04-28,return_eth,0.1176
2017-04-28,return_sp500,-0.0019
2017-04-28,return_ssc,0.0008
2017-05-02,return_btc,0.0213
2017-05-02,return_eth,0.0075
2017-05-02,return_sp500,0.0012
2017-05-02,return_ssc,-0.0034999999999999
2017-05-03,return_btc,0.0274
2017-05-03,return_eth,0.0461
2017-05-03,return_sp500,-0.0013
2017-05-03,return_ssc,-0.0027
2017-05-04,return_btc,0.021
2017-05-04,return_eth,0.1563
2017-05-04,return_sp500,0.0006
2017-05-04,return_ssc,-0.0025
2017-05-05,return_btc,-0.0059
2017-05-05,return_eth,-0.0776
2017-05-05,return_sp500,0.0040999999999999
2017-05-05,return_ssc,-0.0078
2017-05-08,return_btc,0.0708
2017-05-08,return_eth,-0.0556
2017-05-08,return_sp500,0.0
2017-05-08,return_ssc,-0.0079
2017-05-09,return_btc,0.0197999999999999
2017-05-09,return_eth,-0.0003
2017-05-09,return_sp500,-0.001
2017-05-09,return_ssc,0.0006
2017-05-10,return_btc,0.0323
2017-05-10,return_eth,-0.0069
2017-05-10,return_sp500,0.0011
2017-05-10,return_ssc,-0.009
2017-05-11,return_btc,0.0382
2017-05-11,return_eth,0.0118999999999999
2017-05-11,return_sp500,-0.0022
2017-05-11,return_ssc,0.0029
2017-05-12,return_btc,-0.0731
2017-05-12,return_eth,-0.0266999999999999
2017-05-12,return_sp500,-0.0015
2017-05-12,return_ssc,0.0072
2017-05-15,return_btc,-0.0359
2017-05-15,return_eth,0.0242
2017-05-15,return_sp500,0.0048
2017-05-15,return_ssc,0.0022
2017-05-16,return_btc,0.0118999999999999
2017-05-16,return_eth,-0.0474
2017-05-16,return_sp500,-0.0007000000000000001
2017-05-16,return_ssc,0.0074
2017-05-17,return_btc,0.0416
2017-05-17,return_eth,0.017
2017-05-17,return_sp500,-0.0182
2017-05-17,return_ssc,-0.0027
2017-05-18,return_btc,0.0441999999999999
2017-05-18,return_eth,0.0996
2017-05-18,return_sp500,0.0037
2017-05-18,return_ssc,-0.0046
2017-05-19,return_btc,0.0431
2017-05-19,return_eth,0.2617
2017-05-19,return_sp500,0.0068
2017-05-19,return_ssc,0.0002
2017-05-22,return_btc,0.0392
2017-05-22,return_eth,0.0601
2017-05-22,return_sp500,0.0052
2017-05-22,return_ssc,-0.0048
2017-05-23,return_btc,0.0697
2017-05-23,return_eth,0.086
2017-05-23,return_sp500,0.0018
2017-05-23,return_ssc,-0.0045
2017-05-24,return_btc,0.076
2017-05-24,return_eth,0.093
2017-05-24,return_sp500,0.0025
2017-05-24,return_ssc,0.0007000000000000001
2017-05-25,return_btc,-0.0565
2017-05-25,return_eth,-0.0825
2017-05-25,return_sp500,0.0044
2017-05-25,return_ssc,0.0143
2017-05-26,return_btc,-0.027
2017-05-26,return_eth,-0.0943
2017-05-26,return_sp500,0.0003
2017-05-26,return_ssc,0.0007000000000000001
2017-05-31,return_btc,0.0504999999999999
2017-05-31,return_eth,-0.0283
2017-05-31,return_sp500,-0.0005
2017-05-31,return_ssc,0.0023
2017-06-01,return_btc,0.0475
2017-06-01,return_eth,-0.0318
2017-06-01,return_sp500,0.0076
2017-06-01,return_ssc,-0.0046999999999999
2017-06-02,return_btc,0.0331
2017-06-02,return_eth,0.0159
2017-06-02,return_sp500,0.0037
2017-06-02,return_ssc,0.0009
2017-06-05,return_btc,0.0717
2017-06-05,return_eth,0.0046
2017-06-05,return_sp500,-0.0012
2017-06-05,return_ssc,-0.0045
2017-06-06,return_btc,0.0612
2017-06-06,return_eth,0.0815
2017-06-06,return_sp500,-0.0028
2017-06-06,return_ssc,0.0034
2017-06-07,return_btc,-0.0624
2017-06-07,return_eth,-0.0426999999999999
2017-06-07,return_sp500,0.0016
2017-06-07,return_ssc,0.0123
2017-06-08,return_btc,0.0399
2017-06-08,return_eth,0.0249
2017-06-08,return_sp500,0.0003
2017-06-08,return_ssc,0.0032
2017-06-09,return_btc,0.0045
2017-06-09,return_eth,0.0834999999999999
2017-06-09,return_sp500,-0.0008
2017-06-09,return_ssc,0.0026
2017-06-12,return_btc,-0.1065
2017-06-12,return_eth,0.1503999999999999
2017-06-12,return_sp500,-0.001
2017-06-12,return_ssc,-0.0059
2017-06-13,return_btc,0.0212
2017-06-13,return_eth,-0.0109
2017-06-13,return_sp500,0.0045
2017-06-13,return_ssc,0.0044
2017-06-14,return_btc,-0.0906
2017-06-14,return_eth,-0.1222
2017-06-14,return_sp500,-0.001
2017-06-14,return_ssc,-0.0073
2017-06-15,return_btc,-0.0101
2017-06-15,return_eth,0.0081999999999999
2017-06-15,return_sp500,-0.0022
2017-06-15,return_ssc,0.0006
2017-06-16,return_btc,0.0271
2017-06-16,return_eth,0.0288
2017-06-16,return_sp500,0.0003
2017-06-16,return_ssc,-0.003
2017-06-19,return_btc,0.0304
2017-06-19,return_eth,0.019
2017-06-19,return_sp500,0.0083
2017-06-19,return_ssc,0.0068
2017-06-20,return_btc,0.0526
2017-06-20,return_eth,-0.0319
2017-06-20,return_sp500,-0.0067
2017-06-20,return_ssc,-0.0014
2017-06-21,return_btc,-0.0279
2017-06-21,return_eth,-0.0653
2017-06-21,return_sp500,-0.0006
2017-06-21,return_ssc,0.0052
2017-06-22,return_btc,0.0169
2017-06-22,return_eth,-0.0022
2017-06-22,return_sp500,-0.0005
2017-06-22,return_ssc,-0.0028
2017-06-23,return_btc,-0.0046
2017-06-23,return_eth,0.0107
2017-06-23,return_sp500,0.0016
2017-06-23,return_ssc,0.0033
2017-06-26,return_btc,-0.0375999999999999
2017-06-26,return_eth,-0.0928
2017-06-26,return_sp500,0.0003
2017-06-26,return_ssc,0.0087
2017-06-27,return_btc,0.0562999999999999
2017-06-27,return_eth,0.1101999999999999
2017-06-27,return_sp500,-0.0081
2017-06-27,return_ssc,0.0018
2017-06-28,return_btc,-0.0023
2017-06-28,return_eth,0.1168999999999999
2017-06-28,return_sp500,0.0088
2017-06-28,return_ssc,-0.0056
2017-06-29,return_btc,-0.0075
2017-06-29,return_eth,-0.0844999999999999
2017-06-29,return_sp500,-0.0086
2017-06-29,return_ssc,0.0046999999999999
2017-06-30,return_btc,-0.0304
2017-06-30,return_eth,-0.0339
2017-06-30,return_sp500,0.0015
2017-06-30,return_ssc,0.0014
2017-07-03,return_btc,0.0141999999999999
2017-07-03,return_eth,-0.0131
2017-07-03,return_sp500,0.0023
2017-07-03,return_ssc,0.0011
2017-07-05,return_btc,0.004
2017-07-05,return_eth,-0.0072
2017-07-05,return_sp500,0.0015
2017-07-05,return_ssc,0.0076
2017-07-06,return_btc,-0.0052
2017-07-06,return_eth,0.0022
2017-07-06,return_sp500,-0.0093999999999999
2017-07-06,return_ssc,0.0017
2017-07-07,return_btc,-0.0384
2017-07-07,return_eth,-0.1016
2017-07-07,return_sp500,0.0064
2017-07-07,return_ssc,0.0017
2017-07-10,return_btc,-0.0667
2017-07-10,return_eth,-0.1402999999999999
2017-07-10,return_sp500,0.0009
2017-07-10,return_ssc,-0.0017
2017-07-11,return_btc,-0.0084
2017-07-11,return_eth,-0.0662
2017-07-11,return_sp500,-0.0008
2017-07-11,return_ssc,-0.003
2017-07-12,return_btc,0.0339
2017-07-12,return_eth,0.1871
2017-07-12,return_sp500,0.0073
2017-07-12,return_ssc,-0.0017
2017-07-13,return_btc,-0.0169
2017-07-13,return_eth,-0.0844999999999999
2017-07-13,return_sp500,0.0019
2017-07-13,return_ssc,0.0064
2017-07-14,return_btc,-0.0542999999999999
2017-07-14,return_eth,-0.0415
2017-07-14,return_sp500,0.0046999999999999
2017-07-14,return_ssc,0.0013
2017-07-17,return_btc,0.1668
2017-07-17,return_eth,0.2080999999999999
2017-07-17,return_sp500,-0.0001
2017-07-17,return_ssc,-0.0143
2017-07-18,return_btc,0.0389
2017-07-18,return_eth,0.1914
2017-07-18,return_sp500,0.0006
2017-07-18,return_ssc,0.0034999999999999
2017-07-19,return_btc,-0.0162
2017-07-19,return_eth,-0.1409
2017-07-19,return_sp500,0.0054
2017-07-19,return_ssc,0.0136
2017-07-20,return_btc,0.2556
2017-07-20,return_eth,0.1678
2017-07-20,return_sp500,-0.0002
2017-07-20,return_ssc,0.0043
2017-07-21,return_btc,-0.0666
2017-07-21,return_eth,-0.0492
2017-07-21,return_sp500,-0.0004
2017-07-21,return_ssc,-0.0021
2017-07-24,return_btc,0.0025
2017-07-24,return_eth,-0.0068
2017-07-24,return_sp500,-0.0011
2017-07-24,return_ssc,0.0039
2017-07-25,return_btc,-0.0654
2017-07-25,return_eth,-0.1054
2017-07-25,return_sp500,0.0029
2017-07-25,return_ssc,-0.0021
2017-07-26,return_btc,-0.009
2017-07-26,return_eth,0.0031
2017-07-26,return_sp500,0.0003
2017-07-26,return_ssc,0.0012
2017-07-27,return_btc,0.0518
2017-07-27,return_eth,-0.0039
2017-07-27,return_sp500,-0.001
2017-07-27,return_ssc,0.0006
2017-07-28,return_btc,0.0426999999999999
2017-07-28,return_eth,-0.0559999999999999
2017-07-28,return_sp500,-0.0013
2017-07-28,return_ssc,0.0011
2017-07-31,return_btc,0.0421999999999999
2017-07-31,return_eth,0.0282
2017-07-31,return_sp500,-0.0007000000000000001
2017-07-31,return_ssc,0.0060999999999999
2017-08-01,return_btc,-0.0473
2017-08-01,return_eth,0.1253
2017-08-01,return_sp500,0.0024
2017-08-01,return_ssc,0.006
2017-08-02,return_btc,-0.0096
2017-08-02,return_eth,-0.0353
2017-08-02,return_sp500,0.0005
2017-08-02,return_ssc,-0.0023
2017-08-03,return_btc,0.0329
2017-08-03,return_eth,0.0311
2017-08-03,return_sp500,-0.0022
2017-08-03,return_ssc,-0.0037
2017-08-04,return_btc,0.0243999999999999
2017-08-04,return_eth,-0.0181
2017-08-04,return_sp500,0.0019
2017-08-04,return_ssc,-0.0033
2017-08-07,return_btc,0.0526
2017-08-07,return_eth,0.0197999999999999
2017-08-07,return_sp500,0.0016
2017-08-07,return_ssc,0.0053
2017-08-08,return_btc,0.0081
2017-08-08,return_eth,0.0977
2017-08-08,return_sp500,-0.0024
2017-08-08,return_ssc,0.0007000000000000001
2017-08-09,return_btc,-0.0235
2017-08-09,return_eth,-0.0062
2017-08-09,return_sp500,-0.0004
2017-08-09,return_ssc,-0.0019
2017-08-10,return_btc,0.023
2017-08-10,return_eth,0.0067
2017-08-10,return_sp500,-0.0144999999999999
2017-08-10,return_ssc,-0.0042
2017-08-11,return_btc,0.0668
2017-08-11,return_eth,0.0434
2017-08-11,return_sp500,0.0013
2017-08-11,return_ssc,-0.0163
2017-08-14,return_btc,0.0653
2017-08-14,return_eth,0.0053
2017-08-14,return_sp500,0.01
2017-08-14,return_ssc,0.009
2017-08-15,return_btc,-0.0384
2017-08-15,return_eth,-0.0409999999999999
2017-08-15,return_sp500,-0.0005
2017-08-15,return_ssc,0.0043
2017-08-16,return_btc,0.0542
2017-08-16,return_eth,0.0536
2017-08-16,return_sp500,0.0014
2017-08-16,return_ssc,-0.0015
2017-08-17,return_btc,-0.0247
2017-08-17,return_eth,-0.0078
2017-08-17,return_sp500,-0.0154
2017-08-17,return_ssc,0.0068
2017-08-18,return_btc,-0.0406
2017-08-18,return_eth,-0.0233999999999999
2017-08-18,return_sp500,-0.0018
2017-08-18,return_ssc,0.0001
2017-08-21,return_btc,-0.0151
2017-08-21,return_eth,0.08
2017-08-21,return_sp500,0.0012
2017-08-21,return_ssc,0.0056
2017-08-22,return_btc,0.0210999999999999
2017-08-22,return_eth,-0.0301
2017-08-22,return_sp500,0.0098999999999999
2017-08-22,return_ssc,0.001
2017-08-23,return_btc,0.0126
2017-08-23,return_eth,0.0127
2017-08-23,return_sp500,-0.0034999999999999
2017-08-23,return_ssc,-0.0008
2017-08-24,return_btc,0.0428
2017-08-24,return_eth,0.0288
2017-08-24,return_sp500,-0.0021
2017-08-24,return_ssc,-0.0049
2017-08-25,return_btc,0.0107
2017-08-25,return_eth,0.0095
2017-08-25,return_sp500,0.0017
2017-08-25,return_ssc,0.0183
2017-08-28,return_btc,0.0103
2017-08-28,return_eth,-0.0026
2017-08-28,return_sp500,0.0005
2017-08-28,return_ssc,0.0093
2017-08-29,return_btc,0.0471
2017-08-29,return_eth,0.0718
2017-08-29,return_sp500,0.0008
2017-08-29,return_ssc,0.0008
2017-08-30,return_btc,-0.0031
2017-08-30,return_eth,0.0289999999999999
2017-08-30,return_sp500,0.0046
2017-08-30,return_ssc,-0.0005
2017-08-31,return_btc,0.0332
2017-08-31,return_eth,0.0118
2017-08-31,return_sp500,0.0056999999999999
2017-08-31,return_ssc,-0.0008
2017-09-01,return_btc,0.0394
2017-09-01,return_eth,0.0079
2017-09-01,return_sp500,0.002
2017-09-01,return_ssc,0.0019
2017-09-05,return_btc,0.0332
2017-09-05,return_eth,0.0689
2017-09-05,return_sp500,-0.0076
2017-09-05,return_ssc,0.0014
2017-09-06,return_btc,0.0475
2017-09-06,return_eth,0.067
2017-09-06,return_sp500,0.0031
2017-09-06,return_ssc,0.0003
2017-09-07,return_btc,0.0037
2017-09-07,return_eth,-0.0097
2017-09-07,return_sp500,-0.0002
2017-09-07,return_ssc,-0.0059
2017-09-08,return_btc,-0.0667
2017-09-08,return_eth,-0.0901
2017-09-08,return_sp500,-0.0015
2017-09-08,return_ssc,-0.0001
2017-09-11,return_btc,-0.0066
2017-09-11,return_eth,-0.0024
2017-09-11,return_sp500,0.0108
2017-09-11,return_ssc,0.0033
2017-09-12,return_btc,-0.0139999999999999
2017-09-12,return_eth,-0.0111
2017-09-12,return_sp500,0.0034
2017-09-12,return_ssc,0.0009
2017-09-13,return_btc,-0.0694
2017-09-13,return_eth,-0.0626999999999999
2017-09-13,return_sp500,0.0008
2017-09-13,return_ssc,0.0014
2017-09-14,return_btc,-0.1621
2017-09-14,return_eth,-0.1923
2017-09-14,return_sp500,-0.0011
2017-09-14,return_ssc,-0.0038
2017-09-15,return_btc,0.1451
2017-09-15,return_eth,0.1626
2017-09-15,return_sp500,0.0018
2017-09-15,return_ssc,-0.0053
2017-09-18,return_btc,0.1113
2017-09-18,return_eth,0.1549
2017-09-18,return_sp500,0.0015
2017-09-18,return_ssc,0.0028
2017-09-19,return_btc,-0.0469
2017-09-19,return_eth,-0.0478
2017-09-19,return_sp500,0.0011
2017-09-19,return_ssc,-0.0018
2017-09-20,return_btc,-0.0066
2017-09-20,return_eth,0.0031
2017-09-20,return_sp500,0.0006
2017-09-20,return_ssc,0.0027
2017-09-21,return_btc,-0.0682
2017-09-21,return_eth,-0.0946
2017-09-21,return_sp500,-0.003
2017-09-21,return_ssc,-0.0024
2017-09-22,return_btc,-0.0045
2017-09-22,return_eth,0.0215
2017-09-22,return_sp500,0.0006
2017-09-22,return_ssc,-0.0016
2017-09-25,return_btc,0.0723
2017-09-25,return_eth,0.0467999999999999
2017-09-25,return_sp500,-0.0022
2017-09-25,return_ssc,-0.0033
2017-09-26,return_btc,-0.0102
2017-09-26,return_eth,-0.0200999999999999
2017-09-26,return_sp500,0.0001
2017-09-26,return_ssc,0.0006
2017-09-27,return_btc,0.0821
2017-09-27,return_eth,0.0708
2017-09-27,return_sp500,0.0040999999999999
2017-09-27,return_ssc,0.0005
2017-09-28,return_btc,-0.0039
2017-09-28,return_eth,-0.023
2017-09-28,return_sp500,0.0012
2017-09-28,return_ssc,-0.0017
2017-09-29,return_btc,-0.0054
2017-09-29,return_eth,-0.0329
2017-09-29,return_sp500,0.0037
2017-09-29,return_ssc,0.0028
2017-10-09,return_btc,0.0359
2017-10-09,return_eth,-0.0401
2017-10-09,return_sp500,-0.0018
2017-10-09,return_ssc,0.0076
2017-10-10,return_btc,-0.003
2017-10-10,return_eth,0.0065
2017-10-10,return_sp500,0.0023
2017-10-10,return_ssc,0.0026
2017-10-11,return_btc,0.0128
2017-10-11,return_eth,0.013
2017-10-11,return_sp500,0.0018
2017-10-11,return_ssc,0.0016
2017-10-12,return_btc,0.1261
2017-10-12,return_eth,-0.0005
2017-10-12,return_sp500,-0.0017
2017-10-12,return_ssc,-0.0006
2017-10-13,return_btc,0.0377
2017-10-13,return_eth,0.1134999999999999
2017-10-13,return_sp500,0.0009
2017-10-13,return_ssc,0.0013
2017-10-16,return_btc,0.0125
2017-10-16,return_eth,-0.0081999999999999
2017-10-16,return_sp500,0.0018
2017-10-16,return_ssc,-0.0036
2017-10-17,return_btc,-0.0279
2017-10-17,return_eth,-0.0562
2017-10-17,return_sp500,0.0007000000000000001
2017-10-17,return_ssc,-0.0019
2017-10-18,return_btc,-0.0040999999999999
2017-10-18,return_eth,-0.0069999999999999
2017-10-18,return_sp500,0.0007000000000000001
2017-10-18,return_ssc,0.0029
2017-10-19,return_btc,0.022
2017-10-19,return_eth,-0.0207
2017-10-19,return_sp500,0.0003
2017-10-19,return_ssc,-0.0034
2017-10-20,return_btc,0.0516999999999999
2017-10-20,return_eth,-0.0141999999999999
2017-10-20,return_sp500,0.0051
2017-10-20,return_ssc,0.0025
2017-10-23,return_btc,-0.0132
2017-10-23,return_eth,-0.0296
2017-10-23,return_sp500,-0.004
2017-10-23,return_ssc,0.0006
2017-10-24,return_btc,-0.0662
2017-10-24,return_eth,0.0401999999999999
2017-10-24,return_sp500,0.0016
2017-10-24,return_ssc,0.0022
2017-10-25,return_btc,0.0401
2017-10-25,return_eth,-0.0028
2017-10-25,return_sp500,-0.0046999999999999
2017-10-25,return_ssc,0.0026
2017-10-26,return_btc,0.0268
2017-10-26,return_eth,-0.0012
2017-10-26,return_sp500,0.0013
2017-10-26,return_ssc,0.0031
2017-10-27,return_btc,-0.0209
2017-10-27,return_eth,0.003
2017-10-27,return_sp500,0.0081
2017-10-27,return_ssc,0.0027
2017-10-30,return_btc,-0.0038
2017-10-30,return_eth,0.0086
2017-10-30,return_sp500,-0.0032
2017-10-30,return_ssc,-0.0077
2017-10-31,return_btc,0.0533999999999999
2017-10-31,return_eth,-0.0108
2017-10-31,return_sp500,0.0009
2017-10-31,return_ssc,0.0009
2017-11-01,return_btc,0.0444
2017-11-01,return_eth,-0.0496999999999999
2017-11-01,return_sp500,0.0016
2017-11-01,return_ssc,0.0008
2017-11-02,return_btc,0.0426
2017-11-02,return_eth,-0.0129
2017-11-02,return_sp500,0.0002
2017-11-02,return_ssc,-0.0037
2017-11-03,return_btc,0.0181
2017-11-03,return_eth,0.0652
2017-11-03,return_sp500,0.0031
2017-11-03,return_ssc,-0.0034
2017-11-06,return_btc,-0.0582
2017-11-06,return_eth,0.0043
2017-11-06,return_sp500,0.0013
2017-11-06,return_ssc,0.0049
2017-11-07,return_btc,0.0206
2017-11-07,return_eth,-0.0185
2017-11-07,return_sp500,-0.0002
2017-11-07,return_ssc,0.0075
2017-11-08,return_btc,0.0481
2017-11-08,return_eth,0.0552
2017-11-08,return_sp500,0.0014
2017-11-08,return_ssc,0.0006
2017-11-09,return_btc,-0.0423
2017-11-09,return_eth,0.0391
2017-11-09,return_sp500,-0.0038
2017-11-09,return_ssc,0.0036
2017-11-10,return_btc,-0.0791
2017-11-10,return_eth,-0.073
2017-11-10,return_sp500,-0.0009
2017-11-10,return_ssc,0.0014
2017-11-13,return_btc,0.1096
2017-11-13,return_eth,0.0306999999999999
2017-11-13,return_sp500,0.001
2017-11-13,return_ssc,0.0044
2017-11-14,return_btc,0.0113999999999999
2017-11-14,return_eth,0.0672
2017-11-14,return_sp500,-0.0023
2017-11-14,return_ssc,-0.0053
2017-11-15,return_btc,0.104
2017-11-15,return_eth,-0.011
2017-11-15,return_sp500,-0.0055
2017-11-15,return_ssc,-0.0079
2017-11-16,return_btc,0.0783
2017-11-16,return_eth,0.0005
2017-11-16,return_sp500,0.0081999999999999
2017-11-16,return_ssc,-0.001
2017-11-17,return_btc,-0.0196
2017-11-17,return_eth,0.0007000000000000001
2017-11-17,return_sp500,-0.0026
2017-11-17,return_ssc,-0.0048
2017-11-20,return_btc,0.0250999999999999
2017-11-20,return_eth,0.0373
2017-11-20,return_sp500,0.0013
2017-11-20,return_ssc,0.0028
2017-11-21,return_btc,-0.0176
2017-11-21,return_eth,-0.0216
2017-11-21,return_sp500,0.0065
2017-11-21,return_ssc,0.0053
2017-11-22,return_btc,0.0166
2017-11-22,return_eth,0.0569
2017-11-22,return_sp500,-0.0008
2017-11-22,return_ssc,0.0059
2017-11-24,return_btc,0.0233999999999999
2017-11-24,return_eth,0.1612
2017-11-24,return_sp500,0.0021
2017-11-24,return_ssc,0.0006
2017-11-27,return_btc,0.0445
2017-11-27,return_eth,0.0203
2017-11-27,return_sp500,-0.0004
2017-11-27,return_ssc,-0.0093999999999999
2017-11-28,return_btc,0.0178
2017-11-28,return_eth,-0.0166
2017-11-28,return_sp500,0.0098
2017-11-28,return_ssc,0.0034
2017-11-29,return_btc,-0.0069
2017-11-29,return_eth,-0.0971
2017-11-29,return_sp500,-0.0004
2017-11-29,return_ssc,0.0013
2017-11-30,return_btc,0.0111
2017-11-30,return_eth,0.0282
2017-11-30,return_sp500,0.0081999999999999
2017-11-30,return_ssc,-0.0062
2017-12-01,return_btc,0.092
2017-12-01,return_eth,0.0658
2017-12-01,return_sp500,-0.002
2017-12-01,return_ssc,0.0001
2017-12-04,return_btc,0.0336
2017-12-04,return_eth,0.012
2017-12-04,return_sp500,-0.0011
2017-12-04,return_ssc,-0.0024
2017-12-05,return_btc,0.0037
2017-12-05,return_eth,-0.0282
2017-12-05,return_sp500,-0.0037
2017-12-05,return_ssc,-0.0018
2017-12-06,return_btc,0.1785
2017-12-06,return_eth,-0.0843999999999999
2017-12-06,return_sp500,-0.0001
2017-12-06,return_ssc,-0.0029
2017-12-07,return_btc,0.2255
2017-12-07,return_eth,0.0032
2017-12-07,return_sp500,0.0029
2017-12-07,return_ssc,-0.0067
2017-12-08,return_btc,-0.0475999999999999
2017-12-08,return_eth,0.0655
2017-12-08,return_sp500,0.0055
2017-12-08,return_ssc,0.0055
2017-12-11,return_btc,0.1110999999999999
2017-12-11,return_eth,0.2004
2017-12-11,return_sp500,0.0032
2017-12-11,return_ssc,0.0098
2017-12-12,return_btc,0.021
2017-12-12,return_eth,0.2322
2017-12-12,return_sp500,0.0015
2017-12-12,return_ssc,-0.0125
2017-12-13,return_btc,-0.0467
2017-12-13,return_eth,0.0878999999999999
2017-12-13,return_sp500,-0.0005
2017-12-13,return_ssc,0.0068
2017-12-14,return_btc,0.0111
2017-12-14,return_eth,-0.0060999999999999
2017-12-14,return_sp500,-0.0040999999999999
2017-12-14,return_ssc,-0.0032
2017-12-15,return_btc,0.069
2017-12-15,return_eth,-0.012
2017-12-15,return_sp500,0.009
2017-12-15,return_ssc,-0.008
2017-12-18,return_btc,-0.0049
2017-12-18,return_eth,0.1061
2017-12-18,return_sp500,0.0054
2017-12-18,return_ssc,0.0005
2017-12-19,return_btc,-0.0764
2017-12-19,return_eth,0.0204
2017-12-19,return_sp500,-0.0032
2017-12-19,return_ssc,0.0088
2017-12-20,return_btc,-0.0605999999999999
2017-12-20,return_eth,-0.0062
2017-12-20,return_sp500,-0.0008
2017-12-20,return_ssc,-0.0027
2017-12-21,return_btc,-0.0504
2017-12-21,return_eth,-0.0101
2017-12-21,return_sp500,0.002
2017-12-21,return_ssc,0.0038
2017-12-22,return_btc,-0.1258
2017-12-22,return_eth,-0.2018
2017-12-22,return_sp500,-0.0005
2017-12-22,return_ssc,-0.0009
2017-12-26,return_btc,0.139
2017-12-26,return_eth,0.0562999999999999
2017-12-26,return_sp500,-0.0011
2017-12-26,return_ssc,0.0078
2017-12-27,return_btc,-0.0216
2017-12-27,return_eth,-0.0178
2017-12-27,return_sp500,0.0008
2017-12-27,return_ssc,-0.0092
2017-12-28,return_btc,-0.066
2017-12-28,return_eth,-0.034
2017-12-28,return_sp500,0.0018
2017-12-28,return_ssc,0.0063
2017-12-29,return_btc,-0.0004
2017-12-29,return_eth,0.0283
2017-12-29,return_sp500,-0.0052
2017-12-29,return_ssc,0.0033
2018-01-02,return_btc,0.0974
2018-01-02,return_eth,0.1413
2018-01-02,return_sp500,0.0083
2018-01-02,return_ssc,0.0124
2018-01-03,return_btc,0.0273
2018-01-03,return_eth,0.0969
2018-01-03,return_sp500,0.0064
2018-01-03,return_ssc,0.0062
2018-01-04,return_btc,0.0015
2018-01-04,return_eth,-0.0021
2018-01-04,return_sp500,0.004
2018-01-04,return_ssc,0.0049
2018-01-05,return_btc,0.1168999999999999
2018-01-05,return_eth,0.0242
2018-01-05,return_sp500,0.0069999999999999
2018-01-05,return_ssc,0.0018
2018-01-08,return_btc,-0.0771
2018-01-08,return_eth,0.0121
2018-01-08,return_sp500,0.0017
2018-01-08,return_ssc,0.0052
2018-01-09,return_btc,-0.0132
2018-01-09,return_eth,0.1367
2018-01-09,return_sp500,0.0013
2018-01-09,return_ssc,0.0013
2018-01-10,return_btc,0.0179
2018-01-10,return_eth,-0.0278
2018-01-10,return_sp500,-0.0011
2018-01-10,return_ssc,0.0023
2018-01-11,return_btc,-0.1002
2018-01-11,return_eth,-0.0901
2018-01-11,return_sp500,0.0069999999999999
2018-01-11,return_ssc,0.001
2018-01-12,return_btc,0.026
2018-01-12,return_eth,0.1072
2018-01-12,return_sp500,0.0067
2018-01-12,return_ssc,0.0011
2018-01-16,return_btc,-0.1705
2018-01-16,return_eth,-0.1989
2018-01-16,return_sp500,-0.0034999999999999
2018-01-16,return_ssc,0.0077
2018-01-17,return_btc,-0.0149
2018-01-17,return_eth,-0.0025
2018-01-17,return_sp500,0.0093999999999999
2018-01-17,return_ssc,0.0024
2018-01-18,return_btc,0.0046999999999999
2018-01-18,return_eth,-0.0223
2018-01-18,return_sp500,-0.0016
2018-01-18,return_ssc,0.0087
2018-01-19,return_btc,0.0298
2018-01-19,return_eth,0.038
2018-01-19,return_sp500,0.0044
2018-01-19,return_ssc,0.0038
2018-01-22,return_btc,-0.063
2018-01-22,return_eth,-0.0496
2018-01-22,return_sp500,0.0081
2018-01-22,return_ssc,0.0039
2018-01-23,return_btc,0.0034999999999999
2018-01-23,return_eth,-0.0121999999999999
2018-01-23,return_sp500,0.0022
2018-01-23,return_ssc,0.0129
2018-01-24,return_btc,0.0504
2018-01-24,return_eth,0.0816
2018-01-24,return_sp500,-0.0006
2018-01-24,return_ssc,0.0037
2018-01-25,return_btc,-0.0218
2018-01-25,return_eth,-0.0141
2018-01-25,return_sp500,0.0006
2018-01-25,return_ssc,-0.0031
2018-01-26,return_btc,-0.0076
2018-01-26,return_eth,-0.0011
2018-01-26,return_sp500,0.0118
2018-01-26,return_ssc,0.0028
2018-01-29,return_btc,-0.0467
2018-01-29,return_eth,-0.0574
2018-01-29,return_sp500,-0.0067
2018-01-29,return_ssc,-0.0098999999999999
2018-01-30,return_btc,-0.0959
2018-01-30,return_eth,-0.0877
2018-01-30,return_sp500,-0.0109
2018-01-30,return_ssc,-0.0098999999999999
2018-01-31,return_btc,0.0098
2018-01-31,return_eth,0.0431
2018-01-31,return_sp500,0.0005
2018-01-31,return_ssc,-0.0021
2018-02-01,return_btc,-0.1056
2018-02-01,return_eth,-0.0756
2018-02-01,return_sp500,-0.0006
2018-02-01,return_ssc,-0.0097
2018-02-02,return_btc,-0.0314
2018-02-02,return_eth,-0.109
2018-02-02,return_sp500,-0.0212
2018-02-02,return_ssc,0.0044
2018-02-05,return_btc,-0.1561
2018-02-05,return_eth,-0.1598
2018-02-05,return_sp500,-0.0409999999999999
2018-02-05,return_ssc,0.0073
2018-02-06,return_btc,0.1099
2018-02-06,return_eth,0.1248
2018-02-06,return_sp500,0.0174
2018-02-06,return_ssc,-0.0335
2018-02-07,return_btc,-0.0138
2018-02-07,return_eth,-0.0391
2018-02-07,return_sp500,-0.005
2018-02-07,return_ssc,-0.0182
2018-02-08,return_btc,0.075
2018-02-08,return_eth,0.0693
2018-02-08,return_sp500,-0.0375
2018-02-08,return_ssc,-0.0143
2018-02-09,return_btc,0.0655999999999999
2018-02-09,return_eth,0.09
2018-02-09,return_sp500,0.0149
2018-02-09,return_ssc,-0.0405
2018-02-12,return_btc,0.1017
2018-02-12,return_eth,0.0681
2018-02-12,return_sp500,0.0139
2018-02-12,return_ssc,0.0078
2018-02-13,return_btc,-0.0409
2018-02-13,return_eth,-0.0279999999999999
2018-02-13,return_sp500,0.0026
2018-02-13,return_ssc,0.0098
2018-02-14,return_btc,0.1097
2018-02-14,return_eth,0.093
2018-02-14,return_sp500,0.0134
2018-02-14,return_ssc,0.0045
2018-02-22,return_btc,-0.0603
2018-02-22,return_eth,-0.0421999999999999
2018-02-22,return_sp500,0.001
2018-02-22,return_ssc,0.0217
2018-02-23,return_btc,0.0334
2018-02-23,return_eth,0.0659
2018-02-23,return_sp500,0.016
2018-02-23,return_ssc,0.0063
2018-02-26,return_btc,0.073
2018-02-26,return_eth,0.0311
2018-02-26,return_sp500,0.0118
2018-02-26,return_ssc,0.0123
2018-02-27,return_btc,0.0301
2018-02-27,return_eth,0.0051
2018-02-27,return_sp500,-0.0127
2018-02-27,return_ssc,-0.0113
2018-02-28,return_btc,-0.0246
2018-02-28,return_eth,-0.0217
2018-02-28,return_sp500,-0.0111
2018-02-28,return_ssc,-0.0098999999999999
2018-03-01,return_btc,0.0552
2018-03-01,return_eth,0.0206
2018-03-01,return_sp500,-0.0133
2018-03-01,return_ssc,0.0044
2018-03-02,return_btc,-0.0069999999999999
2018-03-02,return_eth,-0.016
2018-03-02,return_sp500,0.0051
2018-03-02,return_ssc,-0.0059
2018-03-05,return_btc,-0.0075
2018-03-05,return_eth,-0.0177
2018-03-05,return_sp500,0.011
2018-03-05,return_ssc,0.0007000000000000001
2018-03-06,return_btc,-0.0578
2018-03-06,return_eth,-0.0416
2018-03-06,return_sp500,0.0026
2018-03-06,return_ssc,0.01
2018-03-07,return_btc,-0.0723
2018-03-07,return_eth,-0.0796
2018-03-07,return_sp500,-0.0005
2018-03-07,return_ssc,-0.0055
2018-03-08,return_btc,-0.0608999999999999
2018-03-08,return_eth,-0.068
2018-03-08,return_sp500,0.0045
2018-03-08,return_ssc,0.0051
2018-03-09,return_btc,-0.0089
2018-03-09,return_eth,0.0385
2018-03-09,return_sp500,0.0174
2018-03-09,return_ssc,0.0056999999999999
2018-03-12,return_btc,-0.0412
2018-03-12,return_eth,-0.032
2018-03-12,return_sp500,-0.0013
2018-03-12,return_ssc,0.0059
2018-03-13,return_btc,0.0019
2018-03-13,return_eth,-0.0107
2018-03-13,return_sp500,-0.0064
2018-03-13,return_ssc,-0.0049
2018-03-14,return_btc,-0.1032
2018-03-14,return_eth,-0.1124
2018-03-14,return_sp500,-0.0056999999999999
2018-03-14,return_ssc,-0.0056999999999999
2018-03-15,return_btc,0.0066
2018-03-15,return_eth,-0.0032
2018-03-15,return_sp500,-0.0008
2018-03-15,return_ssc,-0.0001
2018-03-16,return_btc,0.003
2018-03-16,return_eth,-0.0153
2018-03-16,return_sp500,0.0017
2018-03-16,return_ssc,-0.0065
2018-03-19,return_btc,0.0507
2018-03-19,return_eth,0.0362
2018-03-19,return_sp500,-0.0141999999999999
2018-03-19,return_ssc,0.0029
2018-03-20,return_btc,0.0343
2018-03-20,return_eth,0.0017
2018-03-20,return_sp500,0.0015
2018-03-20,return_ssc,0.0034999999999999
2018-03-21,return_btc,-0.0008
2018-03-21,return_eth,0.0056999999999999
2018-03-21,return_sp500,-0.0018
2018-03-21,return_ssc,-0.0029
2018-03-22,return_btc,-0.0202
2018-03-22,return_eth,-0.0363
2018-03-22,return_sp500,-0.0252
2018-03-22,return_ssc,-0.0053
2018-03-23,return_btc,0.0218
2018-03-23,return_eth,0.0066
2018-03-23,return_sp500,-0.021
2018-03-23,return_ssc,-0.0339
2018-03-26,return_btc,-0.0389
2018-03-26,return_eth,-0.0717
2018-03-26,return_sp500,0.0272
2018-03-26,return_ssc,-0.006
2018-03-27,return_btc,-0.042
2018-03-27,return_eth,-0.0771999999999999
2018-03-27,return_sp500,-0.0173
2018-03-27,return_ssc,0.0105
2018-03-28,return_btc,0.0196
2018-03-28,return_eth,-0.0037
2018-03-28,return_sp500,-0.0029
2018-03-28,return_ssc,-0.0139999999999999
2018-03-29,return_btc,-0.1038
2018-03-29,return_eth,-0.1402999999999999
2018-03-29,return_sp500,0.0138
2018-03-29,return_ssc,0.0121999999999999
2018-04-02,return_btc,0.0356
2018-04-02,return_eth,0.0167
2018-04-02,return_sp500,-0.0223
2018-04-02,return_ssc,-0.0018
2018-04-03,return_btc,0.0503
2018-04-03,return_eth,0.0791999999999999
2018-04-03,return_sp500,0.0126
2018-04-03,return_ssc,-0.0084
2018-04-04,return_btc,-0.0828999999999999
2018-04-04,return_eth,-0.0886999999999999
2018-04-04,return_sp500,0.0116
2018-04-04,return_ssc,-0.0018
2018-04-09,return_btc,-0.0354
2018-04-09,return_eth,-0.0040999999999999
2018-04-09,return_sp500,0.0033
2018-04-09,return_ssc,0.0023
2018-04-10,return_btc,0.0108
2018-04-10,return_eth,0.0411
2018-04-10,return_sp500,0.0167
2018-04-10,return_ssc,0.0166
2018-04-11,return_btc,0.0156
2018-04-11,return_eth,0.0354
2018-04-11,return_sp500,-0.0055
2018-04-11,return_ssc,0.0056
2018-04-12,return_btc,0.1384999999999999
2018-04-12,return_eth,0.1485
2018-04-12,return_sp500,0.0083
2018-04-12,return_ssc,-0.0087
2018-04-13,return_btc,-0.0049
2018-04-13,return_eth,-0.0011
2018-04-13,return_sp500,-0.0029
2018-04-13,return_ssc,-0.0066
2018-04-16,return_btc,-0.0351
2018-04-16,return_eth,-0.0414
2018-04-16,return_sp500,0.0081
2018-04-16,return_ssc,-0.0153
2018-04-17,return_btc,-0.02
2018-04-17,return_eth,-0.0169
2018-04-17,return_sp500,0.0107
2018-04-17,return_ssc,-0.0141
2018-04-18,return_btc,0.0341
2018-04-18,return_eth,0.0447
2018-04-18,return_sp500,0.0008
2018-04-18,return_ssc,0.008
2018-04-19,return_btc,0.0137
2018-04-19,return_eth,0.0796
2018-04-19,return_sp500,-0.0056999999999999
2018-04-19,return_ssc,0.0084
2018-04-20,return_btc,0.0695
2018-04-20,return_eth,0.0873
2018-04-20,return_sp500,-0.0085
2018-04-20,return_ssc,-0.0147
2018-04-23,return_btc,0.0166
2018-04-23,return_eth,0.0352
2018-04-23,return_sp500,0.0001
2018-04-23,return_ssc,-0.0011
2018-04-24,return_btc,0.0773
2018-04-24,return_eth,0.0914
2018-04-24,return_sp500,-0.0134
2018-04-24,return_ssc,0.0199
2018-04-25,return_btc,-0.0801
2018-04-25,return_eth,-0.1217999999999999
2018-04-25,return_sp500,0.0018
2018-04-25,return_ssc,-0.0034999999999999
2018-04-26,return_btc,0.0467
2018-04-26,return_eth,0.0729
2018-04-26,return_sp500,0.0104
2018-04-26,return_ssc,-0.0138
2018-04-27,return_btc,-0.0373
2018-04-27,return_eth,-0.0278
2018-04-27,return_sp500,0.0011
2018-04-27,return_ssc,0.0023
2018-05-02,return_btc,0.0185
2018-05-02,return_eth,0.0252
2018-05-02,return_sp500,-0.0072
2018-05-02,return_ssc,-0.0003
2018-05-03,return_btc,0.0548
2018-05-03,return_eth,0.1319
2018-05-03,return_sp500,-0.0023
2018-05-03,return_ssc,0.0064
2018-05-04,return_btc,-0.0042
2018-05-04,return_eth,0.008
2018-05-04,return_sp500,0.0128
2018-05-04,return_ssc,-0.0032
2018-05-07,return_btc,-0.0233
2018-05-07,return_eth,-0.0494
2018-05-07,return_sp500,0.0034999999999999
2018-05-07,return_ssc,0.0148
2018-05-08,return_btc,-0.0249
2018-05-08,return_eth,-0.0074
2018-05-08,return_sp500,-0.0003
2018-05-08,return_ssc,0.0079
2018-05-09,return_btc,0.0133
2018-05-09,return_eth,0.0042
2018-05-09,return_sp500,0.0097
2018-05-09,return_ssc,-0.0007000000000000001
2018-05-10,return_btc,-0.0315
2018-05-10,return_eth,-0.0362
2018-05-10,return_sp500,0.0093999999999999
2018-05-10,return_ssc,0.0048
2018-05-11,return_btc,-0.0684
2018-05-11,return_eth,-0.0665
2018-05-11,return_sp500,0.0017
2018-05-11,return_ssc,-0.0034999999999999
2018-05-14,return_btc,-0.0022
2018-05-14,return_eth,-0.0032
2018-05-14,return_sp500,0.0009
2018-05-14,return_ssc,0.0034
2018-05-15,return_btc,-0.0227
2018-05-15,return_eth,-0.0293
2018-05-15,return_sp500,-0.0068
2018-05-15,return_ssc,0.0056999999999999
2018-05-16,return_btc,-0.0156
2018-05-16,return_eth,0.0011
2018-05-16,return_sp500,0.0040999999999999
2018-05-16,return_ssc,-0.0070999999999999
2018-05-17,return_btc,-0.0337
2018-05-17,return_eth,-0.0532
2018-05-17,return_sp500,-0.0009
2018-05-17,return_ssc,-0.0048
2018-05-18,return_btc,0.0227
2018-05-18,return_eth,0.0363
2018-05-18,return_sp500,-0.0026
2018-05-18,return_ssc,0.0124
2018-05-21,return_btc,-0.0147
2018-05-21,return_eth,-0.0268
2018-05-21,return_sp500,0.0074
2018-05-21,return_ssc,0.0064
2018-05-22,return_btc,-0.0473
2018-05-22,return_eth,-0.0785
2018-05-22,return_sp500,-0.0031
2018-05-22,return_ssc,0.0002
2018-05-23,return_btc,-0.0617
2018-05-23,return_eth,-0.1006
2018-05-23,return_sp500,0.0032
2018-05-23,return_ssc,-0.0141
2018-05-24,return_btc,0.0107
2018-05-24,return_eth,0.0431
2018-05-24,return_sp500,-0.002
2018-05-24,return_ssc,-0.0045
2018-05-25,return_btc,-0.0152
2018-05-25,return_eth,-0.0283
2018-05-25,return_sp500,-0.0024
2018-05-25,return_ssc,-0.0042
2018-05-29,return_btc,0.0489
2018-05-29,return_eth,0.1064
2018-05-29,return_sp500,-0.0116
2018-05-29,return_ssc,-0.0046999999999999
2018-05-30,return_btc,-0.0091
2018-05-30,return_eth,-0.0156
2018-05-30,return_sp500,0.0127
2018-05-30,return_ssc,-0.0253
2018-05-31,return_btc,0.0139
2018-05-31,return_eth,0.0356
2018-05-31,return_sp500,-0.0069
2018-05-31,return_ssc,0.0178
2018-06-01,return_btc,0.0038
2018-06-01,return_eth,0.0025
2018-06-01,return_sp500,0.0108
2018-06-01,return_ssc,-0.0066
2018-06-04,return_btc,-0.0291
2018-06-04,return_eth,-0.0446
2018-06-04,return_sp500,0.0045
2018-06-04,return_ssc,0.0052
2018-06-05,return_btc,0.0169
2018-06-05,return_eth,0.0294
2018-06-05,return_sp500,0.0007000000000000001
2018-06-05,return_ssc,0.0074
2018-06-06,return_btc,0.0039
2018-06-06,return_eth,-0.004
2018-06-06,return_sp500,0.0086
2018-06-06,return_ssc,0.0003
2018-06-07,return_btc,0.0048
2018-06-07,return_eth,-0.0028
2018-06-07,return_sp500,-0.0007000000000000001
2018-06-07,return_ssc,-0.0018
2018-06-08,return_btc,-0.0098
2018-06-08,return_eth,-0.0083
2018-06-08,return_sp500,0.0031
2018-06-08,return_ssc,-0.0136
2018-06-11,return_btc,0.0163999999999999
2018-06-11,return_eth,0.0129
2018-06-11,return_sp500,0.0011
2018-06-11,return_ssc,-0.0046999999999999
2018-06-12,return_btc,-0.0475999999999999
2018-06-12,return_eth,-0.0695
2018-06-12,return_sp500,0.0017
2018-06-12,return_ssc,0.0089
2018-06-13,return_btc,-0.0375
2018-06-13,return_eth,-0.037
2018-06-13,return_sp500,-0.004
2018-06-13,return_ssc,-0.0097
2018-06-14,return_btc,0.053
2018-06-14,return_eth,0.091
2018-06-14,return_sp500,0.0025
2018-06-14,return_ssc,-0.0018
2018-06-15,return_btc,-0.0356
2018-06-15,return_eth,-0.0608999999999999
2018-06-15,return_sp500,-0.001
2018-06-15,return_ssc,-0.0073
2018-06-19,return_btc,0.0049
2018-06-19,return_eth,0.0392
2018-06-19,return_sp500,-0.004
2018-06-19,return_ssc,-0.0378
2018-06-20,return_btc,0.0019
2018-06-20,return_eth,-0.0036
2018-06-20,return_sp500,0.0017
2018-06-20,return_ssc,0.0027
2018-06-21,return_btc,-0.0055
2018-06-21,return_eth,-0.0192
2018-06-21,return_sp500,-0.0063
2018-06-21,return_ssc,-0.0137
2018-06-22,return_btc,-0.0999
2018-06-22,return_eth,-0.1206
2018-06-22,return_sp500,0.0019
2018-06-22,return_ssc,0.0049
2018-06-25,return_btc,0.0166
2018-06-25,return_eth,0.0087
2018-06-25,return_sp500,-0.0137
2018-06-25,return_ssc,-0.0105
2018-06-26,return_btc,-0.0279
2018-06-26,return_eth,-0.062
2018-06-26,return_sp500,0.0022
2018-06-26,return_ssc,-0.0052
2018-06-27,return_btc,0.012
2018-06-27,return_eth,0.0275
2018-06-27,return_sp500,-0.0086
2018-06-27,return_ssc,-0.011
2018-06-28,return_btc,-0.0441
2018-06-28,return_eth,-0.0473
2018-06-28,return_sp500,0.0062
2018-06-28,return_ssc,-0.0093
2018-06-29,return_btc,0.0561
2018-06-29,return_eth,0.0335
2018-06-29,return_sp500,0.0008
2018-06-29,return_ssc,0.0217
2018-07-02,return_btc,0.0397
2018-07-02,return_eth,0.0511
2018-07-02,return_sp500,0.0031
2018-07-02,return_ssc,-0.0252
2018-07-03,return_btc,-0.016
2018-07-03,return_eth,-0.0289999999999999
2018-07-03,return_sp500,-0.0049
2018-07-03,return_ssc,0.0040999999999999
2018-07-05,return_btc,-0.0079
2018-07-05,return_eth,0.002
2018-07-05,return_sp500,0.0086
2018-07-05,return_ssc,-0.0092
2018-07-06,return_btc,0.0109
2018-07-06,return_eth,0.003
2018-07-06,return_sp500,0.0085
2018-07-06,return_ssc,0.0049
2018-07-09,return_btc,-0.0070999999999999
2018-07-09,return_eth,-0.0306999999999999
2018-07-09,return_sp500,0.0088
2018-07-09,return_ssc,0.0247
2018-07-10,return_btc,-0.054
2018-07-10,return_eth,-0.0824
2018-07-10,return_sp500,0.0034999999999999
2018-07-10,return_ssc,0.0044
2018-07-11,return_btc,0.013
2018-07-11,return_eth,0.0308
2018-07-11,return_sp500,-0.0070999999999999
2018-07-11,return_ssc,-0.0176
2018-07-12,return_btc,-0.0217
2018-07-12,return_eth,-0.034
2018-07-12,return_sp500,0.0087
2018-07-12,return_ssc,0.0216
2018-07-13,return_btc,-0.0033
2018-07-13,return_eth,0.0046999999999999
2018-07-13,return_sp500,0.0011
2018-07-13,return_ssc,-0.0023
2018-07-16,return_btc,0.0576999999999999
2018-07-16,return_eth,0.0643
2018-07-16,return_sp500,-0.001
2018-07-16,return_ssc,-0.0060999999999999
2018-07-17,return_btc,0.088
2018-07-17,return_eth,0.0418
2018-07-17,return_sp500,0.004
2018-07-17,return_ssc,-0.0056999999999999
2018-07-18,return_btc,0.0084
2018-07-18,return_eth,-0.0397
2018-07-18,return_sp500,0.0022
2018-07-18,return_ssc,-0.0039
2018-07-19,return_btc,0.0127
2018-07-19,return_eth,-0.0219
2018-07-19,return_sp500,-0.004
2018-07-19,return_ssc,-0.0053
2018-07-20,return_btc,-0.0185
2018-07-20,return_eth,-0.0428
2018-07-20,return_sp500,-0.0009
2018-07-20,return_ssc,0.0204999999999999
2018-07-23,return_btc,0.0419
2018-07-23,return_eth,-0.0184
2018-07-23,return_sp500,0.0018
2018-07-23,return_ssc,0.0107
2018-07-24,return_btc,0.0886
2018-07-24,return_eth,0.0650999999999999
2018-07-24,return_sp500,0.0048
2018-07-24,return_ssc,0.0161
2018-07-25,return_btc,-0.0278
2018-07-25,return_eth,-0.0163999999999999
2018-07-25,return_sp500,0.0091
2018-07-25,return_ssc,-0.0007000000000000001
2018-07-26,return_btc,-0.0289999999999999
2018-07-26,return_eth,-0.0197
2018-07-26,return_sp500,-0.003
2018-07-26,return_ssc,-0.0074
2018-07-27,return_btc,0.0315
2018-07-27,return_eth,0.0162
2018-07-27,return_sp500,-0.0066
2018-07-27,return_ssc,-0.003
2018-07-30,return_btc,-0.0046999999999999
2018-07-30,return_eth,-0.0209
2018-07-30,return_sp500,-0.0058
2018-07-30,return_ssc,-0.0016
2018-07-31,return_btc,-0.0548
2018-07-31,return_eth,-0.0550999999999999
2018-07-31,return_sp500,0.0049
2018-07-31,return_ssc,0.0026
2018-08-01,return_btc,-0.0159
2018-08-01,return_eth,-0.026
2018-08-01,return_sp500,-0.001
2018-08-01,return_ssc,-0.018
2018-08-02,return_btc,-0.0093
2018-08-02,return_eth,-0.0220999999999999
2018-08-02,return_sp500,0.0049
2018-08-02,return_ssc,-0.02
2018-08-03,return_btc,-0.0155
2018-08-03,return_eth,0.016
2018-08-03,return_sp500,0.0046
2018-08-03,return_ssc,-0.01
2018-08-06,return_btc,-0.0118999999999999
2018-08-06,return_eth,-0.0084
2018-08-06,return_sp500,0.0034999999999999
2018-08-06,return_ssc,-0.0129
2018-08-07,return_btc,-0.0315
2018-08-07,return_eth,-0.067
2018-08-07,return_sp500,0.0028
2018-08-07,return_ssc,0.0274
2018-08-08,return_btc,-0.0655999999999999
2018-08-08,return_eth,-0.0603
2018-08-08,return_sp500,-0.0003
2018-08-08,return_ssc,-0.0127
2018-08-09,return_btc,0.0406
2018-08-09,return_eth,0.0222
2018-08-09,return_sp500,-0.0014
2018-08-09,return_ssc,0.0183
2018-08-10,return_btc,-0.0591
2018-08-10,return_eth,-0.0868
2018-08-10,return_sp500,-0.0070999999999999
2018-08-10,return_ssc,0.0003
2018-08-13,return_btc,-0.0091
2018-08-13,return_eth,-0.1074
2018-08-13,return_sp500,-0.004
2018-08-13,return_ssc,-0.0034
2018-08-14,return_btc,-0.0104
2018-08-14,return_eth,-0.0204999999999999
2018-08-14,return_sp500,0.0064
2018-08-14,return_ssc,-0.0018
2018-08-15,return_btc,0.0108
2018-08-15,return_eth,0.0106
2018-08-15,return_sp500,-0.0076
2018-08-15,return_ssc,-0.0207
2018-08-16,return_btc,0.008
2018-08-16,return_eth,0.0200999999999999
2018-08-16,return_sp500,0.0079
2018-08-16,return_ssc,-0.0066
2018-08-17,return_btc,0.0436
2018-08-17,return_eth,0.1051
2018-08-17,return_sp500,0.0033
2018-08-17,return_ssc,-0.0134
2018-08-20,return_btc,-0.0329
2018-08-20,return_eth,-0.0944
2018-08-20,return_sp500,0.0024
2018-08-20,return_ssc,0.0111
2018-08-21,return_btc,0.0341
2018-08-21,return_eth,0.0362
2018-08-21,return_sp500,0.0021
2018-08-21,return_ssc,0.0131
2018-08-22,return_btc,-0.0189
2018-08-22,return_eth,-0.0394
2018-08-22,return_sp500,-0.0004
2018-08-22,return_ssc,-0.0069999999999999
2018-08-23,return_btc,0.0254
2018-08-23,return_eth,0.0233
2018-08-23,return_sp500,-0.0017
2018-08-23,return_ssc,0.0037
2018-08-24,return_btc,0.0243999999999999
2018-08-24,return_eth,0.0187
2018-08-24,return_sp500,0.0062
2018-08-24,return_ssc,0.0018
2018-08-27,return_btc,0.0275
2018-08-27,return_eth,0.0441
2018-08-27,return_sp500,0.0077
2018-08-27,return_ssc,0.0189
2018-08-28,return_btc,0.0256999999999999
2018-08-28,return_eth,0.0316
2018-08-28,return_sp500,0.0003
2018-08-28,return_ssc,-0.001
2018-08-29,return_btc,-0.0064
2018-08-29,return_eth,-0.0243999999999999
2018-08-29,return_sp500,0.0056999999999999
2018-08-29,return_ssc,-0.0031
2018-08-30,return_btc,-0.005
2018-08-30,return_eth,-0.0154
2018-08-30,return_sp500,-0.0044
2018-08-30,return_ssc,-0.0113999999999999
2018-08-31,return_btc,0.0056999999999999
2018-08-31,return_eth,-0.0072
2018-08-31,return_sp500,0.0001
2018-08-31,return_ssc,-0.0046
2018-09-04,return_btc,0.0156
2018-09-04,return_eth,-0.0129
2018-09-04,return_sp500,-0.0017
2018-09-04,return_ssc,0.011
2018-09-05,return_btc,-0.0909
2018-09-05,return_eth,-0.1978
2018-09-05,return_sp500,-0.0028
2018-09-05,return_ssc,-0.0168
2018-09-06,return_btc,-0.0287
2018-09-06,return_eth,0.0037
2018-09-06,return_sp500,-0.0037
2018-09-06,return_ssc,-0.0046999999999999
2018-09-07,return_btc,-0.0189
2018-09-07,return_eth,-0.061
2018-09-07,return_sp500,-0.0022
2018-09-07,return_ssc,0.004
2018-09-10,return_btc,0.0132
2018-09-10,return_eth,0.0063
2018-09-10,return_sp500,0.0019
2018-09-10,return_ssc,-0.0121
2018-09-11,return_btc,-0.0043
2018-09-11,return_eth,-0.0608
2018-09-11,return_sp500,0.0037
2018-09-11,return_ssc,-0.0018
2018-09-12,return_btc,0.0069999999999999
2018-09-12,return_eth,-0.0113
2018-09-12,return_sp500,0.0004
2018-09-12,return_ssc,-0.0033
2018-09-13,return_btc,0.0229
2018-09-13,return_eth,0.1531
2018-09-13,return_sp500,0.0053
2018-09-13,return_ssc,0.0115
2018-09-14,return_btc,0.0001
2018-09-14,return_eth,-0.0048
2018-09-14,return_sp500,0.0003
2018-09-14,return_ssc,-0.0018
2018-09-17,return_btc,-0.0382
2018-09-17,return_eth,-0.1088
2018-09-17,return_sp500,-0.0056
2018-09-17,return_ssc,-0.0111
2018-09-18,return_btc,0.0144
2018-09-18,return_eth,0.0652
2018-09-18,return_sp500,0.0054
2018-09-18,return_ssc,0.0182
2018-09-19,return_btc,0.0076
2018-09-19,return_eth,0.0034
2018-09-19,return_sp500,0.0013
2018-09-19,return_ssc,0.0113999999999999
2018-09-20,return_btc,0.0155
2018-09-20,return_eth,0.07
2018-09-20,return_sp500,0.0078
2018-09-20,return_ssc,-0.0006
2018-09-21,return_btc,0.0428
2018-09-21,return_eth,0.1047
2018-09-21,return_sp500,-0.0004
2018-09-21,return_ssc,0.025
2018-09-25,return_btc,-0.0210999999999999
2018-09-25,return_eth,-0.0393
2018-09-25,return_sp500,-0.0013
2018-09-25,return_ssc,-0.0058
2018-09-26,return_btc,0.0036
2018-09-26,return_eth,-0.0214
2018-09-26,return_sp500,-0.0033
2018-09-26,return_ssc,0.0092
2018-09-27,return_btc,0.0342
2018-09-27,return_eth,0.0691
2018-09-27,return_sp500,0.0028
2018-09-27,return_ssc,-0.0054
2018-09-28,return_btc,-0.0079
2018-09-28,return_eth,-0.0322
2018-09-28,return_sp500,-0.0
2018-09-28,return_ssc,0.0106
2018-10-08,return_btc,0.0089
2018-10-08,return_eth,0.0165
2018-10-08,return_sp500,-0.0004
2018-10-08,return_ssc,-0.0372
2018-10-09,return_btc,-0.0028
2018-10-09,return_eth,-0.0069
2018-10-09,return_sp500,-0.0014
2018-10-09,return_ssc,0.0017
2018-10-10,return_btc,-0.0049
2018-10-10,return_eth,-0.0085
2018-10-10,return_sp500,-0.0329
2018-10-10,return_ssc,0.0018
2018-10-11,return_btc,-0.0572
2018-10-11,return_eth,-0.1565
2018-10-11,return_sp500,-0.0206
2018-10-11,return_ssc,-0.0521999999999999
2018-10-12,return_btc,0.0084
2018-10-12,return_eth,0.0304
2018-10-12,return_sp500,0.0141999999999999
2018-10-12,return_ssc,0.0091
2018-10-15,return_btc,0.059
2018-10-15,return_eth,0.0872
2018-10-15,return_sp500,-0.0059
2018-10-15,return_ssc,-0.0149
2018-10-16,return_btc,0.0008
2018-10-16,return_eth,0.0037
2018-10-16,return_sp500,0.0215
2018-10-16,return_ssc,-0.0085
2018-10-17,return_btc,-0.0028
2018-10-17,return_eth,-0.0074
2018-10-17,return_sp500,-0.0003
2018-10-17,return_ssc,0.006
2018-10-18,return_btc,-0.0168
2018-10-18,return_eth,-0.0322
2018-10-18,return_sp500,-0.0144
2018-10-18,return_ssc,-0.0294
2018-10-19,return_btc,-0.0093999999999999
2018-10-19,return_eth,-0.0078
2018-10-19,return_sp500,-0.0004
2018-10-19,return_ssc,0.0258
2018-10-22,return_btc,-0.0040999999999999
2018-10-22,return_eth,-0.0029
2018-10-22,return_sp500,-0.0043
2018-10-22,return_ssc,0.0409
2018-10-23,return_btc,-0.0040999999999999
2018-10-23,return_eth,-0.0053
2018-10-23,return_sp500,-0.0055
2018-10-23,return_ssc,-0.0226
2018-10-24,return_btc,0.0003
2018-10-24,return_eth,-0.0027
2018-10-24,return_sp500,-0.0308999999999999
2018-10-24,return_ssc,0.0033
2018-10-25,return_btc,-0.0036
2018-10-25,return_eth,-0.0049
2018-10-25,return_sp500,0.0186
2018-10-25,return_ssc,0.0002
2018-10-26,return_btc,0.0005
2018-10-26,return_eth,0.0023
2018-10-26,return_sp500,-0.0173
2018-10-26,return_ssc,-0.0019
2018-10-29,return_btc,-0.0233
2018-10-29,return_eth,-0.0387
2018-10-29,return_sp500,-0.0066
2018-10-29,return_ssc,-0.0218
2018-10-30,return_btc,-0.0015
2018-10-30,return_eth,0.0017
2018-10-30,return_sp500,0.0157
2018-10-30,return_ssc,0.0102
2018-10-31,return_btc,0.0064
2018-10-31,return_eth,0.0060999999999999
2018-10-31,return_sp500,0.0109
2018-10-31,return_ssc,0.0135
2018-11-01,return_btc,0.0054
2018-11-01,return_eth,-0.0021
2018-11-01,return_sp500,0.0106
2018-11-01,return_ssc,0.0013
2018-11-02,return_btc,0.0038
2018-11-02,return_eth,0.0227
2018-11-02,return_sp500,-0.0063
2018-11-02,return_ssc,0.027
2018-11-05,return_btc,-0.0029
2018-11-05,return_eth,-0.0056
2018-11-05,return_sp500,0.0056
2018-11-05,return_ssc,-0.0040999999999999
2018-11-06,return_btc,0.0067
2018-11-06,return_eth,0.0454
2018-11-06,return_sp500,0.0063
2018-11-06,return_ssc,-0.0023
2018-11-07,return_btc,0.0096
2018-11-07,return_eth,-0.0065
2018-11-07,return_sp500,0.0212
2018-11-07,return_ssc,-0.0068
2018-11-08,return_btc,-0.0139
2018-11-08,return_eth,-0.0271
2018-11-08,return_sp500,-0.0025
2018-11-08,return_ssc,-0.0022
2018-11-09,return_btc,-0.0096
2018-11-09,return_eth,-0.0069999999999999
2018-11-09,return_sp500,-0.0092
2018-11-09,return_ssc,-0.0139
2018-11-12,return_btc,-0.0017
2018-11-12,return_eth,-0.0018
2018-11-12,return_sp500,-0.0197
2018-11-12,return_ssc,0.0121999999999999
2018-11-13,return_btc,-0.0009
2018-11-13,return_eth,-0.011
2018-11-13,return_sp500,-0.0015
2018-11-13,return_ssc,0.0093
2018-11-14,return_btc,-0.0913
2018-11-14,return_eth,-0.1092
2018-11-14,return_sp500,-0.0076
2018-11-14,return_ssc,-0.0085
2018-11-15,return_btc,-0.0210999999999999
2018-11-15,return_eth,-0.0179
2018-11-15,return_sp500,0.0106
2018-11-15,return_ssc,0.0136
2018-11-16,return_btc,-0.0144999999999999
2018-11-16,return_eth,-0.0385
2018-11-16,return_sp500,0.0022
2018-11-16,return_ssc,0.0040999999999999
2018-11-19,return_btc,-0.1369
2018-11-19,return_eth,-0.1597
2018-11-19,return_sp500,-0.0166
2018-11-19,return_ssc,0.0091
2018-11-20,return_btc,-0.0736
2018-11-20,return_eth,-0.1146
2018-11-20,return_sp500,-0.0182
2018-11-20,return_ssc,-0.0213
2018-11-21,return_btc,0.0252
2018-11-21,return_eth,0.0361
2018-11-21,return_sp500,0.003
2018-11-21,return_ssc,0.0021
2018-11-23,return_btc,0.0096
2018-11-23,return_eth,-0.0116999999999999
2018-11-23,return_sp500,-0.0066
2018-11-23,return_ssc,-0.0249
2018-11-26,return_btc,-0.0554
2018-11-26,return_eth,-0.0675
2018-11-26,return_sp500,0.0155
2018-11-26,return_ssc,-0.0014
2018-11-27,return_btc,0.0077
2018-11-27,return_eth,0.01
2018-11-27,return_sp500,0.0033
2018-11-27,return_ssc,-0.0004
2018-11-28,return_btc,0.1032
2018-11-28,return_eth,0.104
2018-11-28,return_sp500,0.023
2018-11-28,return_ssc,0.0105
2018-11-29,return_btc,0.0073
2018-11-29,return_eth,-0.0399
2018-11-29,return_sp500,-0.0022
2018-11-29,return_ssc,-0.0132
2018-11-30,return_btc,-0.0598
2018-11-30,return_eth,-0.0346
2018-11-30,return_sp500,0.0081999999999999
2018-11-30,return_ssc,0.0081
2018-12-03,return_btc,-0.0630999999999999
2018-12-03,return_eth,-0.0665
2018-12-03,return_sp500,0.0109
2018-12-03,return_ssc,0.0256999999999999
2018-12-04,return_btc,0.0156
2018-12-04,return_eth,0.0131
2018-12-04,return_sp500,-0.0324
2018-12-04,return_ssc,0.0042
2018-12-06,return_btc,-0.0697
2018-12-06,return_eth,-0.1121
2018-12-06,return_sp500,-0.0015
2018-12-06,return_ssc,-0.0168
2018-12-07,return_btc,-0.0246
2018-12-07,return_eth,0.0265
2018-12-07,return_sp500,-0.0233
2018-12-07,return_ssc,0.0003
2018-12-10,return_btc,-0.03
2018-12-10,return_eth,-0.0368
2018-12-10,return_sp500,0.0018
2018-12-10,return_ssc,-0.0081999999999999
2018-12-11,return_btc,-0.0153
2018-12-11,return_eth,-0.0204999999999999
2018-12-11,return_sp500,-0.0004
2018-12-11,return_ssc,0.0037
2018-12-12,return_btc,0.0172
2018-12-12,return_eth,0.0146
2018-12-12,return_sp500,0.0054
2018-12-12,return_ssc,0.0031
2018-12-13,return_btc,-0.0435
2018-12-13,return_eth,-0.0369
2018-12-13,return_sp500,-0.0002
2018-12-13,return_ssc,0.0123
2018-12-14,return_btc,-0.0204
2018-12-14,return_eth,-0.0289999999999999
2018-12-14,return_sp500,-0.0191
2018-12-14,return_ssc,-0.0153
2018-12-17,return_btc,0.0857
2018-12-17,return_eth,0.114
2018-12-17,return_sp500,-0.0208
2018-12-17,return_ssc,0.0016
2018-12-18,return_btc,0.0401999999999999
2018-12-18,return_eth,0.0666
2018-12-18,return_sp500,0.0001
2018-12-18,return_ssc,-0.0081999999999999
2018-12-19,return_btc,0.0052
2018-12-19,return_eth,-0.0128
2018-12-19,return_sp500,-0.0154
2018-12-19,return_ssc,-0.0105
2018-12-20,return_btc,0.1055
2018-12-20,return_eth,0.1535
2018-12-20,return_sp500,-0.0158
2018-12-20,return_ssc,-0.0052
2018-12-21,return_btc,-0.0552
2018-12-21,return_eth,-0.0561
2018-12-21,return_sp500,-0.0206
2018-12-21,return_ssc,-0.0079
2018-12-24,return_btc,0.0207
2018-12-24,return_eth,0.0742999999999999
2018-12-24,return_sp500,-0.0271
2018-12-24,return_ssc,0.0043
2018-12-26,return_btc,0.0083
2018-12-26,return_eth,0.013
2018-12-26,return_sp500,0.0496
2018-12-26,return_ssc,-0.0026
2018-12-27,return_btc,-0.0545
2018-12-27,return_eth,-0.1192
2018-12-27,return_sp500,0.0086
2018-12-27,return_ssc,-0.0060999999999999
2018-12-28,return_btc,0.0766
2018-12-28,return_eth,0.1925
2018-12-28,return_sp500,-0.0012
2018-12-28,return_ssc,0.0044
2019-01-02,return_btc,0.0169
2019-01-02,return_eth,0.0956
2019-01-02,return_sp500,0.0013
2019-01-02,return_ssc,-0.0115
2019-01-03,return_btc,-0.0242
2019-01-03,return_eth,-0.0393
2019-01-03,return_sp500,-0.0248
2019-01-03,return_ssc,-0.0004
2019-01-04,return_btc,0.006
2019-01-04,return_eth,0.0403
2019-01-04,return_sp500,0.0343
2019-01-04,return_ssc,0.0204999999999999
2019-01-07,return_btc,-0.0045
2019-01-07,return_eth,-0.0323
2019-01-07,return_sp500,0.0069999999999999
2019-01-07,return_ssc,0.0072
2019-01-08,return_btc,-0.0037
2019-01-08,return_eth,-0.0103
2019-01-08,return_sp500,0.0097
2019-01-08,return_ssc,-0.0026
2019-01-09,return_btc,0.0017
2019-01-09,return_eth,0.0026
2019-01-09,return_sp500,0.0040999999999999
2019-01-09,return_ssc,0.0070999999999999
2019-01-10,return_btc,-0.0941
2019-01-10,return_eth,-0.1556
2019-01-10,return_sp500,0.0045
2019-01-10,return_ssc,-0.0036
2019-01-11,return_btc,0.0034999999999999
2019-01-11,return_eth,-0.0039
2019-01-11,return_sp500,-0.0001
2019-01-11,return_ssc,0.0074
2019-01-14,return_btc,0.0424
2019-01-14,return_eth,0.1124
2019-01-14,return_sp500,-0.0053
2019-01-14,return_ssc,-0.0070999999999999
2019-01-15,return_btc,-0.0184
2019-01-15,return_eth,-0.062
2019-01-15,return_sp500,0.0107
2019-01-15,return_ssc,0.0136
2019-01-16,return_btc,0.0046999999999999
2019-01-16,return_eth,0.0175
2019-01-16,return_sp500,0.0022
2019-01-16,return_ssc,0.0
2019-01-17,return_btc,0.0107
2019-01-17,return_eth,0.0025
2019-01-17,return_sp500,0.0076
2019-01-17,return_ssc,-0.0042
2019-01-18,return_btc,-0.0056999999999999
2019-01-18,return_eth,-0.022
2019-01-18,return_sp500,0.0132
2019-01-18,return_ssc,0.0141999999999999
2019-01-22,return_btc,0.0123
2019-01-22,return_eth,0.0187999999999999
2019-01-22,return_sp500,-0.0141999999999999
2019-01-22,return_ssc,-0.0118
2019-01-23,return_btc,-0.0052
2019-01-23,return_eth,-0.0118
2019-01-23,return_sp500,0.0022
2019-01-23,return_ssc,0.0005
2019-01-24,return_btc,0.0036
2019-01-24,return_eth,-0.0011
2019-01-24,return_sp500,0.0014
2019-01-24,return_ssc,0.0040999999999999
2019-01-25,return_btc,-0.0006
2019-01-25,return_eth,-0.0103
2019-01-25,return_sp500,0.0085
2019-01-25,return_ssc,0.0039
2019-01-28,return_btc,-0.0317
2019-01-28,return_eth,-0.0594
2019-01-28,return_sp500,-0.0078
2019-01-28,return_ssc,-0.0018
2019-01-29,return_btc,-0.0081
2019-01-29,return_eth,-0.0098
2019-01-29,return_sp500,-0.0015
2019-01-29,return_ssc,-0.0011
2019-01-30,return_btc,0.0132
2019-01-30,return_eth,0.0355
2019-01-30,return_sp500,0.0155
2019-01-30,return_ssc,-0.0072
2019-01-31,return_btc,-0.0066
2019-01-31,return_eth,-0.0166
2019-01-31,return_sp500,0.0086
2019-01-31,return_ssc,0.0034999999999999
2019-02-01,return_btc,0.009
2019-02-01,return_eth,0.0026
2019-02-01,return_sp500,0.0009
2019-02-01,return_ssc,0.013
2019-02-11,return_btc,-0.0128
2019-02-11,return_eth,-0.0289
2019-02-11,return_sp500,0.0007000000000000001
2019-02-11,return_ssc,0.0136
2019-02-12,return_btc,0.0001
2019-02-12,return_eth,0.011
2019-02-12,return_sp500,0.0129
2019-02-12,return_ssc,0.0068
2019-02-13,return_btc,-0.0056
2019-02-13,return_eth,-0.0034999999999999
2019-02-13,return_sp500,0.003
2019-02-13,return_ssc,0.0184
2019-02-14,return_btc,-0.0052
2019-02-14,return_eth,-0.0102
2019-02-14,return_sp500,-0.0027
2019-02-14,return_ssc,-0.0005
2019-02-15,return_btc,0.0034
2019-02-15,return_eth,0.0063
2019-02-15,return_sp500,0.0109
2019-02-15,return_ssc,-0.0137
2019-02-19,return_btc,0.0046999999999999
2019-02-19,return_eth,-0.0121999999999999
2019-02-19,return_sp500,0.0015
2019-02-19,return_ssc,0.0005
2019-02-20,return_btc,0.0148
2019-02-20,return_eth,0.0354
2019-02-20,return_sp500,0.0018
2019-02-20,return_ssc,0.002
2019-02-21,return_btc,-0.009
2019-02-21,return_eth,-0.0223
2019-02-21,return_sp500,-0.0034999999999999
2019-02-21,return_ssc,-0.0034
2019-02-22,return_btc,0.0073
2019-02-22,return_eth,0.015
2019-02-22,return_sp500,0.0064
2019-02-22,return_ssc,0.0191
2019-02-25,return_btc,0.0209
2019-02-25,return_eth,0.0401999999999999
2019-02-25,return_sp500,0.0012
2019-02-25,return_ssc,0.0559999999999999
2019-02-26,return_btc,-0.0060999999999999
2019-02-26,return_eth,-0.0115
2019-02-26,return_sp500,-0.0008
2019-02-26,return_ssc,-0.0067
2019-02-27,return_btc,0.0011
2019-02-27,return_eth,-0.0108
2019-02-27,return_sp500,-0.0005
2019-02-27,return_ssc,0.0042
2019-02-28,return_btc,0.0005
2019-02-28,return_eth,0.002
2019-02-28,return_sp500,-0.0028
2019-02-28,return_ssc,-0.0044
2019-03-01,return_btc,0.0014
2019-03-01,return_eth,0.0018
2019-03-01,return_sp500,0.0069
2019-03-01,return_ssc,0.018
2019-03-04,return_btc,-0.0245
2019-03-04,return_eth,-0.0385
2019-03-04,return_sp500,-0.0039
2019-03-04,return_ssc,0.0112
2019-03-05,return_btc,0.038
2019-03-05,return_eth,0.0861
2019-03-05,return_sp500,-0.0011
2019-03-05,return_ssc,0.0088
2019-03-06,return_btc,0.0015
2019-03-06,return_eth,0.0058
2019-03-06,return_sp500,-0.0065
2019-03-06,return_ssc,0.0157
2019-03-07,return_btc,0.0032
2019-03-07,return_eth,-0.005
2019-03-07,return_sp500,-0.0081
2019-03-07,return_ssc,0.0014
2019-03-08,return_btc,-0.0024
2019-03-08,return_eth,-0.0225
2019-03-08,return_sp500,-0.0021
2019-03-08,return_ssc,-0.044
2019-03-11,return_btc,-0.0115
2019-03-11,return_eth,-0.0200999999999999
2019-03-11,return_sp500,0.0147
2019-03-11,return_ssc,0.0192
2019-03-12,return_btc,0.0040999999999999
2019-03-12,return_eth,0.0060999999999999
2019-03-12,return_sp500,0.003
2019-03-12,return_ssc,0.011
2019-03-13,return_btc,-0.0054
2019-03-13,return_eth,-0.0137
2019-03-13,return_sp500,0.0069
2019-03-13,return_ssc,-0.0109
2019-03-14,return_btc,0.0036
2019-03-14,return_eth,0.0036
2019-03-14,return_sp500,-0.0009
2019-03-14,return_ssc,-0.012
2019-03-15,return_btc,0.0116999999999999
2019-03-15,return_eth,0.0325
2019-03-15,return_sp500,0.005
2019-03-15,return_ssc,0.0104
2019-03-18,return_btc,0.0022
2019-03-18,return_eth,-0.0070999999999999
2019-03-18,return_sp500,0.0037
2019-03-18,return_ssc,0.0247
2019-03-19,return_btc,0.0067
2019-03-19,return_eth,0.0058
2019-03-19,return_sp500,-0.0001
2019-03-19,return_ssc,-0.0018
2019-03-20,return_btc,0.006
2019-03-20,return_eth,0.0042
2019-03-20,return_sp500,-0.0029
2019-03-20,return_ssc,-0.0001
2019-03-21,return_btc,-0.0146
2019-03-21,return_eth,-0.0302
2019-03-21,return_sp500,0.0109
2019-03-21,return_ssc,0.0034999999999999
2019-03-22,return_btc,0.0021
2019-03-22,return_eth,0.0097
2019-03-22,return_sp500,-0.019
2019-03-22,return_ssc,0.0009
2019-03-25,return_btc,-0.0144
2019-03-25,return_eth,-0.016
2019-03-25,return_sp500,-0.0008
2019-03-25,return_ssc,-0.0197
2019-03-26,return_btc,0.0015
2019-03-26,return_eth,0.0008
2019-03-26,return_sp500,0.0072
2019-03-26,return_ssc,-0.0151
2019-03-27,return_btc,0.0250999999999999
2019-03-27,return_eth,0.0393
2019-03-27,return_sp500,-0.0046
2019-03-27,return_ssc,0.0085
2019-03-28,return_btc,-0.004
2019-03-28,return_eth,-0.0108
2019-03-28,return_sp500,0.0036
2019-03-28,return_ssc,-0.0092
2019-03-29,return_btc,0.019
2019-03-29,return_eth,0.0379
2019-03-29,return_sp500,0.0067
2019-03-29,return_ssc,0.032
2019-04-01,return_btc,0.0104
2019-04-01,return_eth,-0.002
2019-04-01,return_sp500,0.0116
2019-04-01,return_ssc,0.0258
2019-04-02,return_btc,0.1723
2019-04-02,return_eth,0.1553
2019-04-02,return_sp500,0.0
2019-04-02,return_ssc,0.002
2019-04-03,return_btc,0.0225
2019-04-03,return_eth,-0.0192
2019-04-03,return_sp500,0.0021
2019-04-03,return_ssc,0.0124
2019-04-04,return_btc,-0.0133
2019-04-04,return_eth,-0.0181
2019-04-04,return_sp500,0.0021
2019-04-04,return_ssc,0.0093999999999999
2019-04-08,return_btc,0.0138
2019-04-08,return_eth,0.0277
2019-04-08,return_sp500,0.001
2019-04-08,return_ssc,-0.0005
2019-04-09,return_btc,-0.0165
2019-04-09,return_eth,-0.0227
2019-04-09,return_sp500,-0.0060999999999999
2019-04-09,return_ssc,-0.0016
2019-04-10,return_btc,0.0289
2019-04-10,return_eth,0.013
2019-04-10,return_sp500,0.0034999999999999
2019-04-10,return_ssc,0.0007000000000000001
2019-04-11,return_btc,-0.0537
2019-04-11,return_eth,-0.0733
2019-04-11,return_sp500,0.0
2019-04-11,return_ssc,-0.016
2019-04-12,return_btc,0.0063
2019-04-12,return_eth,-0.0054
2019-04-12,return_sp500,0.0066
2019-04-12,return_ssc,-0.0004
2019-04-15,return_btc,-0.02
2019-04-15,return_eth,-0.0425
2019-04-15,return_sp500,-0.0006
2019-04-15,return_ssc,-0.0034
2019-04-16,return_btc,0.0295
2019-04-16,return_eth,0.0342
2019-04-16,return_sp500,0.0005
2019-04-16,return_ssc,0.0239
2019-04-17,return_btc,0.0053
2019-04-17,return_eth,0.0016
2019-04-17,return_sp500,-0.0023
2019-04-17,return_ssc,0.0029
2019-04-18,return_btc,0.0108
2019-04-18,return_eth,0.0448
2019-04-18,return_sp500,0.0016
2019-04-18,return_ssc,-0.004
2019-04-22,return_btc,0.0197
2019-04-22,return_eth,0.0139
2019-04-22,return_sp500,0.001
2019-04-22,return_ssc,-0.017
2019-04-23,return_btc,0.0308
2019-04-23,return_eth,-0.0054
2019-04-23,return_sp500,0.0088
2019-04-23,return_ssc,-0.0051
2019-04-24,return_btc,-0.0174
2019-04-24,return_eth,-0.0278
2019-04-24,return_sp500,-0.0022
2019-04-24,return_ssc,0.0009
2019-04-25,return_btc,-0.0381
2019-04-25,return_eth,-0.0607
2019-04-25,return_sp500,-0.0004
2019-04-25,return_ssc,-0.0243
2019-04-26,return_btc,0.0171
2019-04-26,return_eth,0.018
2019-04-26,return_sp500,0.0046999999999999
2019-04-26,return_ssc,-0.012
2019-04-29,return_btc,-0.0127
2019-04-29,return_eth,-0.0210999999999999
2019-04-29,return_sp500,0.0011
2019-04-29,return_ssc,-0.0077
2019-04-30,return_btc,0.0163999999999999
2019-04-30,return_eth,0.0444
2019-04-30,return_sp500,0.001
2019-04-30,return_ssc,0.0052
2019-05-06,return_btc,-0.0052
2019-05-06,return_eth,0.0611
2019-05-06,return_sp500,-0.0045
2019-05-06,return_ssc,-0.0558
2019-05-07,return_btc,0.0182
2019-05-07,return_eth,-0.0210999999999999
2019-05-07,return_sp500,-0.0165
2019-05-07,return_ssc,0.0069
2019-05-08,return_btc,0.0241
2019-05-08,return_eth,0.0084
2019-05-08,return_sp500,-0.0016
2019-05-08,return_ssc,-0.0112
2019-05-09,return_btc,0.0336
2019-05-09,return_eth,0.0004
2019-05-09,return_sp500,-0.003
2019-05-09,return_ssc,-0.0148
2019-05-10,return_btc,0.0314
2019-05-10,return_eth,0.0113
2019-05-10,return_sp500,0.0037
2019-05-10,return_ssc,0.031
2019-05-13,return_btc,0.1176
2019-05-13,return_eth,0.0421999999999999
2019-05-13,return_sp500,-0.0241
2019-05-13,return_ssc,-0.0121
2019-05-14,return_btc,0.0242
2019-05-14,return_eth,0.1092
2019-05-14,return_sp500,0.008
2019-05-14,return_ssc,-0.0069
2019-05-15,return_btc,0.0213
2019-05-15,return_eth,0.1413
2019-05-15,return_sp500,0.0058
2019-05-15,return_ssc,0.0191
2019-05-16,return_btc,-0.0359
2019-05-16,return_eth,0.0666
2019-05-16,return_sp500,0.0089
2019-05-16,return_ssc,0.0058
2019-05-17,return_btc,-0.0650999999999999
2019-05-17,return_eth,-0.0765
2019-05-17,return_sp500,-0.0058
2019-05-17,return_ssc,-0.0248
2019-05-20,return_btc,-0.0235
2019-05-20,return_eth,-0.0343
2019-05-20,return_sp500,-0.0067
2019-05-20,return_ssc,-0.0040999999999999
2019-05-21,return_btc,-0.0044
2019-05-21,return_eth,0.0121
2019-05-21,return_sp500,0.0085
2019-05-21,return_ssc,0.0123
2019-05-22,return_btc,-0.0372
2019-05-22,return_eth,-0.0371
2019-05-22,return_sp500,-0.0028
2019-05-22,return_ssc,-0.0049
2019-05-23,return_btc,0.0283
2019-05-23,return_eth,0.0014
2019-05-23,return_sp500,-0.0118999999999999
2019-05-23,return_ssc,-0.0135
2019-05-24,return_btc,0.015
2019-05-24,return_eth,0.0183
2019-05-24,return_sp500,0.0014
2019-05-24,return_ssc,0.0002
2019-05-28,return_btc,-0.005
2019-05-28,return_eth,0.0008
2019-05-28,return_sp500,-0.0084
2019-05-28,return_ssc,0.0060999999999999
2019-05-29,return_btc,-0.0079
2019-05-29,return_eth,-0.0095
2019-05-29,return_sp500,-0.0069
2019-05-29,return_ssc,0.0016
2019-05-30,return_btc,-0.0435
2019-05-30,return_eth,-0.0524
2019-05-30,return_sp500,0.0021
2019-05-30,return_ssc,-0.0031
2019-05-31,return_btc,0.0346
2019-05-31,return_eth,0.0529
2019-05-31,return_sp500,-0.0132
2019-05-31,return_ssc,-0.0024
2019-06-03,return_btc,-0.0692
2019-06-03,return_eth,-0.0693
2019-06-03,return_sp500,-0.0028
2019-06-03,return_ssc,-0.003
2019-06-04,return_btc,-0.0541
2019-06-04,return_eth,-0.0364
2019-06-04,return_sp500,0.0214
2019-06-04,return_ssc,-0.0096
2019-06-05,return_btc,0.0121999999999999
2019-06-05,return_eth,0.0189
2019-06-05,return_sp500,0.0081999999999999
2019-06-05,return_ssc,-0.0003
2019-06-06,return_btc,0.0008
2019-06-06,return_eth,0.011
2019-06-06,return_sp500,0.0060999999999999
2019-06-06,return_ssc,-0.0116999999999999
2019-06-10,return_btc,0.0462
2019-06-10,return_eth,0.0674
2019-06-10,return_sp500,0.0046999999999999
2019-06-10,return_ssc,0.0086
2019-06-11,return_btc,-0.0125
2019-06-11,return_eth,-0.0098999999999999
2019-06-11,return_sp500,-0.0003
2019-06-11,return_ssc,0.0258
2019-06-12,return_btc,0.0311
2019-06-12,return_eth,0.0701
2019-06-12,return_sp500,-0.002
2019-06-12,return_ssc,-0.0056
2019-06-13,return_btc,0.0106
2019-06-13,return_eth,-0.0255
2019-06-13,return_sp500,0.0040999999999999
2019-06-13,return_ssc,0.0005
2019-06-14,return_btc,0.0532
2019-06-14,return_eth,0.0301
2019-06-14,return_sp500,-0.0016
2019-06-14,return_ssc,-0.0098999999999999
2019-06-17,return_btc,0.0398
2019-06-17,return_eth,0.0187
2019-06-17,return_sp500,0.0009
2019-06-17,return_ssc,0.002
2019-06-18,return_btc,-0.0256
2019-06-18,return_eth,-0.0308
2019-06-18,return_sp500,0.0097
2019-06-18,return_ssc,0.0009
2019-06-19,return_btc,0.0192999999999999
2019-06-19,return_eth,0.0139
2019-06-19,return_sp500,0.003
2019-06-19,return_ssc,0.0096
2019-06-20,return_btc,0.0283
2019-06-20,return_eth,0.0118
2019-06-20,return_sp500,0.0095
2019-06-20,return_ssc,0.0237999999999999
2019-06-21,return_btc,0.0696
2019-06-21,return_eth,0.0858
2019-06-21,return_sp500,-0.0013
2019-06-21,return_ssc,0.005
2019-06-24,return_btc,0.0137
2019-06-24,return_eth,0.0095
2019-06-24,return_sp500,-0.0017
2019-06-24,return_ssc,0.0021
2019-06-25,return_btc,0.0691
2019-06-25,return_eth,0.0199
2019-06-25,return_sp500,-0.0095
2019-06-25,return_ssc,-0.0087
2019-06-26,return_btc,0.1061999999999999
2019-06-26,return_eth,0.0658
2019-06-26,return_sp500,-0.0012
2019-06-26,return_ssc,-0.0019
2019-06-27,return_btc,-0.1359
2019-06-27,return_eth,-0.1211
2019-06-27,return_sp500,0.0038
2019-06-27,return_ssc,0.0069
2019-06-28,return_btc,0.0993
2019-06-28,return_eth,0.0437
2019-06-28,return_sp500,0.0058
2019-06-28,return_ssc,-0.006
2019-07-01,return_btc,-0.0187
2019-07-01,return_eth,0.009
2019-07-01,return_sp500,0.0077
2019-07-01,return_ssc,0.0222
2019-07-02,return_btc,0.0207
2019-07-02,return_eth,-0.0116
2019-07-02,return_sp500,0.0029
2019-07-02,return_ssc,-0.0003
2019-07-03,return_btc,0.0983
2019-07-03,return_eth,0.0314
2019-07-03,return_sp500,0.0077
2019-07-03,return_ssc,-0.0093999999999999
2019-07-05,return_btc,-0.0173
2019-07-05,return_eth,0.0131
2019-07-05,return_sp500,-0.0018
2019-07-05,return_ssc,0.0019
2019-07-08,return_btc,0.0733
2019-07-08,return_eth,0.0241
2019-07-08,return_sp500,-0.0048
2019-07-08,return_ssc,-0.0258
2019-07-09,return_btc,0.0236
2019-07-09,return_eth,-0.0154
2019-07-09,return_sp500,0.0012
2019-07-09,return_ssc,-0.0017
2019-07-10,return_btc,-0.0344
2019-07-10,return_eth,-0.0596
2019-07-10,return_sp500,0.0045
2019-07-10,return_ssc,-0.0044
2019-07-11,return_btc,-0.0634
2019-07-11,return_eth,-0.0705
2019-07-11,return_sp500,0.0023
2019-07-11,return_ssc,0.0008
2019-07-12,return_btc,0.037
2019-07-12,return_eth,0.0222
2019-07-12,return_sp500,0.0046
2019-07-12,return_ssc,0.0044
2019-07-15,return_btc,0.0633
2019-07-15,return_eth,0.0081999999999999
2019-07-15,return_sp500,0.0002
2019-07-15,return_ssc,0.004
2019-07-16,return_btc,-0.131
2019-07-16,return_eth,-0.1296
2019-07-16,return_sp500,-0.0034
2019-07-16,return_ssc,-0.0016
2019-07-17,return_btc,0.0317
2019-07-17,return_eth,0.0607
2019-07-17,return_sp500,-0.0065
2019-07-17,return_ssc,-0.002
2019-07-18,return_btc,0.0955
2019-07-18,return_eth,0.0677
2019-07-18,return_sp500,0.0036
2019-07-18,return_ssc,-0.0104
2019-07-19,return_btc,-0.0075
2019-07-19,return_eth,-0.0227999999999999
2019-07-19,return_sp500,-0.0062
2019-07-19,return_ssc,0.0079
2019-07-22,return_btc,-0.0282
2019-07-22,return_eth,-0.0344
2019-07-22,return_sp500,0.0028
2019-07-22,return_ssc,-0.0127
2019-07-23,return_btc,-0.0503
2019-07-23,return_eth,-0.0249
2019-07-23,return_sp500,0.0068
2019-07-23,return_ssc,0.0045
2019-07-24,return_btc,-0.0085
2019-07-24,return_eth,0.0169
2019-07-24,return_sp500,0.0046999999999999
2019-07-24,return_ssc,0.008
2019-07-25,return_btc,0.0144
2019-07-25,return_eth,0.0102
2019-07-25,return_sp500,-0.0053
2019-07-25,return_ssc,0.0048
2019-07-26,return_btc,-0.0115
2019-07-26,return_eth,0.0009
2019-07-26,return_sp500,0.0074
2019-07-26,return_ssc,0.0024
2019-07-29,return_btc,-0.0151
2019-07-29,return_eth,-0.0026
2019-07-29,return_sp500,-0.0016
2019-07-29,return_ssc,-0.0012
2019-07-30,return_btc,-0.0
2019-07-30,return_eth,-0.0063
2019-07-30,return_sp500,-0.0026
2019-07-30,return_ssc,0.0039
2019-07-31,return_btc,0.0523
2019-07-31,return_eth,0.0419
2019-07-31,return_sp500,-0.0109
2019-07-31,return_ssc,-0.0067
2019-08-01,return_btc,0.0296
2019-08-01,return_eth,-0.004
2019-08-01,return_sp500,-0.009
2019-08-01,return_ssc,-0.0081
2019-08-02,return_btc,0.0135
2019-08-02,return_eth,0.0008
2019-08-02,return_sp500,-0.0073
2019-08-02,return_ssc,-0.0141
2019-08-05,return_btc,0.0807
2019-08-05,return_eth,0.0530999999999999
2019-08-05,return_sp500,-0.0298
2019-08-05,return_ssc,-0.0162
2019-08-06,return_btc,-0.0283999999999999
2019-08-06,return_eth,-0.0293
2019-08-06,return_sp500,0.013
2019-08-06,return_ssc,-0.0156
2019-08-07,return_btc,0.0464
2019-08-07,return_eth,-0.0043
2019-08-07,return_sp500,0.0008
2019-08-07,return_ssc,-0.0032
2019-08-08,return_btc,0.0148
2019-08-08,return_eth,-0.02
2019-08-08,return_sp500,0.0187999999999999
2019-08-08,return_ssc,0.0093
2019-08-09,return_btc,-0.0084
2019-08-09,return_eth,-0.0484
2019-08-09,return_sp500,-0.0066
2019-08-09,return_ssc,-0.0070999999999999
2019-08-12,return_btc,-0.0107
2019-08-12,return_eth,-0.0249
2019-08-12,return_sp500,-0.012
2019-08-12,return_ssc,0.0144999999999999
2019-08-13,return_btc,-0.044
2019-08-13,return_eth,-0.0132
2019-08-13,return_sp500,0.0148
2019-08-13,return_ssc,-0.0063
2019-08-14,return_btc,-0.0774
2019-08-14,return_eth,-0.1017
2019-08-14,return_sp500,-0.0293
2019-08-14,return_ssc,0.0042
2019-08-15,return_btc,0.0253
2019-08-15,return_eth,0.0066
2019-08-15,return_sp500,0.0025
2019-08-15,return_ssc,0.0025
2019-08-16,return_btc,0.0031
2019-08-16,return_eth,-0.0173
2019-08-16,return_sp500,0.0144
2019-08-16,return_ssc,0.0028
2019-08-19,return_btc,0.0579999999999999
2019-08-19,return_eth,0.0411
2019-08-19,return_sp500,0.0121
2019-08-19,return_ssc,0.021
2019-08-20,return_btc,-0.0144999999999999
2019-08-20,return_eth,-0.0273
2019-08-20,return_sp500,-0.0079
2019-08-20,return_ssc,-0.0011
2019-08-21,return_btc,-0.0567999999999999
2019-08-21,return_eth,-0.0454
2019-08-21,return_sp500,0.0081999999999999
2019-08-21,return_ssc,0.0001
2019-08-22,return_btc,-0.0036
2019-08-22,return_eth,0.0163
2019-08-22,return_sp500,-0.0005
2019-08-22,return_ssc,0.0011
2019-08-23,return_btc,0.0281
2019-08-23,return_eth,0.0165
2019-08-23,return_sp500,-0.0259
2019-08-23,return_ssc,0.0049
2019-08-26,return_btc,0.0232
2019-08-26,return_eth,0.0109
2019-08-26,return_sp500,0.011
2019-08-26,return_ssc,-0.0116999999999999
2019-08-27,return_btc,-0.018
2019-08-27,return_eth,-0.0093
2019-08-27,return_sp500,-0.0032
2019-08-27,return_ssc,0.0135
2019-08-28,return_btc,-0.0447
2019-08-28,return_eth,-0.0736
2019-08-28,return_sp500,0.0065
2019-08-28,return_ssc,-0.0029
2019-08-29,return_btc,-0.0245
2019-08-29,return_eth,-0.0243
2019-08-29,return_sp500,0.0127
2019-08-29,return_ssc,-0.001
2019-08-30,return_btc,0.0098999999999999
2019-08-30,return_eth,-0.0029
2019-08-30,return_sp500,0.0006
2019-08-30,return_ssc,-0.0016
2019-09-03,return_btc,0.0255
2019-09-03,return_eth,0.0039
2019-09-03,return_sp500,-0.0069
2019-09-03,return_ssc,0.0021
2019-09-04,return_btc,-0.0042
2019-09-04,return_eth,-0.0225
2019-09-04,return_sp500,0.0108
2019-09-04,return_ssc,0.0093
2019-09-05,return_btc,-0.0001
2019-09-05,return_eth,-0.0055
2019-09-05,return_sp500,0.013
2019-09-05,return_ssc,0.0096
2019-09-06,return_btc,-0.0243999999999999
2019-09-06,return_eth,-0.027
2019-09-06,return_sp500,0.0009
2019-09-06,return_ssc,0.0046
2019-09-09,return_btc,-0.009
2019-09-09,return_eth,-0.0044
2019-09-09,return_sp500,-0.0001
2019-09-09,return_ssc,0.0084
2019-09-10,return_btc,-0.0197999999999999
2019-09-10,return_eth,-0.0033
2019-09-10,return_sp500,0.0003
2019-09-10,return_ssc,-0.0012
2019-09-11,return_btc,0.0056999999999999
2019-09-11,return_eth,-0.0088
2019-09-11,return_sp500,0.0072
2019-09-11,return_ssc,-0.0040999999999999
2019-09-12,return_btc,0.0249
2019-09-12,return_eth,0.0135
2019-09-12,return_sp500,0.0029
2019-09-12,return_ssc,0.0075
2019-09-16,return_btc,-0.0054
2019-09-16,return_eth,0.0435
2019-09-16,return_sp500,-0.0031
2019-09-16,return_ssc,-0.0002
2019-09-17,return_btc,-0.0058
2019-09-17,return_eth,0.0529
2019-09-17,return_sp500,0.0026
2019-09-17,return_ssc,-0.0174
2019-09-18,return_btc,-0.003
2019-09-18,return_eth,0.0128
2019-09-18,return_sp500,0.0003
2019-09-18,return_ssc,0.0025
2019-09-19,return_btc,0.0084
2019-09-19,return_eth,0.0465
2019-09-19,return_sp500,0.0
2019-09-19,return_ssc,0.0046
2019-09-20,return_btc,-0.0076
2019-09-20,return_eth,-0.01
2019-09-20,return_sp500,-0.0049
2019-09-20,return_ssc,0.0024
2019-09-23,return_btc,-0.0327999999999999
2019-09-23,return_eth,-0.0471
2019-09-23,return_sp500,-0.0001
2019-09-23,return_ssc,-0.0098
2019-09-24,return_btc,-0.1225
2019-09-24,return_eth,-0.1734
2019-09-24,return_sp500,-0.0084
2019-09-24,return_ssc,0.0028
2019-09-25,return_btc,-0.0096
2019-09-25,return_eth,0.0158
2019-09-25,return_sp500,0.0062
2019-09-25,return_ssc,-0.01
2019-09-26,return_btc,-0.0437
2019-09-26,return_eth,-0.0258
2019-09-26,return_sp500,-0.0024
2019-09-26,return_ssc,-0.0089
2019-09-27,return_btc,0.015
2019-09-27,return_eth,0.0524
2019-09-27,return_sp500,-0.0053
2019-09-27,return_ssc,0.0011
2019-09-30,return_btc,0.0292
2019-09-30,return_eth,0.0653
2019-09-30,return_sp500,0.005
2019-09-30,return_ssc,-0.0092
2019-10-08,return_btc,-0.0019
2019-10-08,return_eth,0.0051
2019-10-08,return_sp500,-0.0156
2019-10-08,return_ssc,0.0029
2019-10-09,return_btc,0.0469
2019-10-09,return_eth,0.0655999999999999
2019-10-09,return_sp500,0.0091
2019-10-09,return_ssc,0.0039
2019-10-10,return_btc,-0.0005
2019-10-10,return_eth,-0.008
2019-10-10,return_sp500,0.0064
2019-10-10,return_ssc,0.0078
2019-10-11,return_btc,-0.0344
2019-10-11,return_eth,-0.0549
2019-10-11,return_sp500,0.0109
2019-10-11,return_ssc,0.0088
2019-10-14,return_btc,0.0087
2019-10-14,return_eth,0.0305
2019-10-14,return_sp500,-0.0014
2019-10-14,return_ssc,0.0115
2019-10-15,return_btc,-0.0223
2019-10-15,return_eth,-0.0323
2019-10-15,return_sp500,0.01
2019-10-15,return_ssc,-0.0056
2019-10-16,return_btc,-0.0204
2019-10-16,return_eth,-0.0336
2019-10-16,return_sp500,-0.002
2019-10-16,return_ssc,-0.0040999999999999
2019-10-17,return_btc,0.0091
2019-10-17,return_eth,0.0159
2019-10-17,return_sp500,0.0028
2019-10-17,return_ssc,-0.0005
2019-10-18,return_btc,-0.0155
2019-10-18,return_eth,-0.0254
2019-10-18,return_sp500,-0.0039
2019-10-18,return_ssc,-0.0132
2019-10-21,return_btc,-0.0018
2019-10-21,return_eth,-0.0055
2019-10-21,return_sp500,0.0069
2019-10-21,return_ssc,0.0005
2019-10-22,return_btc,-0.0215
2019-10-22,return_eth,-0.0158
2019-10-22,return_sp500,-0.0036
2019-10-22,return_ssc,0.005
2019-10-23,return_btc,-0.069
2019-10-23,return_eth,-0.0533999999999999
2019-10-23,return_sp500,0.0028
2019-10-23,return_ssc,-0.0043
2019-10-24,return_btc,-0.0073
2019-10-24,return_eth,-0.0095
2019-10-24,return_sp500,0.0019
2019-10-24,return_ssc,-0.0002
2019-10-25,return_btc,0.1664999999999999
2019-10-25,return_eth,0.1292
2019-10-25,return_sp500,0.0040999999999999
2019-10-25,return_ssc,0.0048
2019-10-28,return_btc,-0.0338
2019-10-28,return_eth,-0.0129
2019-10-28,return_sp500,0.0056
2019-10-28,return_ssc,0.0085
2019-10-29,return_btc,0.0222
2019-10-29,return_eth,0.0483
2019-10-29,return_sp500,-0.0008
2019-10-29,return_ssc,-0.0087
2019-10-30,return_btc,-0.0269
2019-10-30,return_eth,-0.0378
2019-10-30,return_sp500,0.0033
2019-10-30,return_ssc,-0.005
2019-10-31,return_btc,-0.0006
2019-10-31,return_eth,-0.0048
2019-10-31,return_sp500,-0.003
2019-10-31,return_ssc,-0.0034999999999999
2019-11-01,return_btc,0.0085
2019-11-01,return_eth,0.0040999999999999
2019-11-01,return_sp500,0.0097
2019-11-01,return_ssc,0.0098999999999999
2019-11-04,return_btc,0.0215
2019-11-04,return_eth,0.0229
2019-11-04,return_sp500,0.0037
2019-11-04,return_ssc,0.0058
2019-11-05,return_btc,-0.0091
2019-11-05,return_eth,0.0151
2019-11-05,return_sp500,-0.0012
2019-11-05,return_ssc,0.0054
2019-11-06,return_btc,0.003
2019-11-06,return_eth,0.0138
2019-11-06,return_sp500,0.0007000000000000001
2019-11-06,return_ssc,-0.0043
2019-11-07,return_btc,-0.0124
2019-11-07,return_eth,-0.0227
2019-11-07,return_sp500,0.0027
2019-11-07,return_ssc,0.0
2019-11-08,return_btc,-0.0483
2019-11-08,return_eth,-0.0156
2019-11-08,return_sp500,0.0026
2019-11-08,return_ssc,-0.0049
2019-11-11,return_btc,-0.0332
2019-11-11,return_eth,-0.0206
2019-11-11,return_sp500,-0.002
2019-11-11,return_ssc,-0.0183
2019-11-12,return_btc,0.0087
2019-11-12,return_eth,0.0103
2019-11-12,return_sp500,0.0016
2019-11-12,return_ssc,0.0017
2019-11-13,return_btc,-0.0033
2019-11-13,return_eth,0.0073
2019-11-13,return_sp500,0.0007000000000000001
2019-11-13,return_ssc,-0.0033
2019-11-14,return_btc,-0.0139
2019-11-14,return_eth,-0.0165
2019-11-14,return_sp500,0.0008
2019-11-14,return_ssc,0.0016
2019-11-15,return_btc,-0.0213
2019-11-15,return_eth,-0.0273
2019-11-15,return_sp500,0.0077
2019-11-15,return_ssc,-0.0064
2019-11-18,return_btc,-0.0354
2019-11-18,return_eth,-0.0308999999999999
2019-11-18,return_sp500,0.0005
2019-11-18,return_ssc,0.0062
2019-11-19,return_btc,-0.0076
2019-11-19,return_eth,-0.0135
2019-11-19,return_sp500,-0.0006
2019-11-19,return_ssc,0.0085
2019-11-20,return_btc,-0.0056999999999999
2019-11-20,return_eth,-0.0064
2019-11-20,return_sp500,-0.0038
2019-11-20,return_ssc,-0.0078
2019-11-21,return_btc,-0.0582
2019-11-21,return_eth,-0.0771
2019-11-21,return_sp500,-0.0016
2019-11-21,return_ssc,-0.0025
2019-11-22,return_btc,-0.0466
2019-11-22,return_eth,-0.0722
2019-11-22,return_sp500,0.0022
2019-11-22,return_ssc,-0.0063
2019-11-25,return_btc,0.0276
2019-11-25,return_eth,0.0372
2019-11-25,return_sp500,0.0075
2019-11-25,return_ssc,0.0072
2019-11-26,return_btc,0.0066
2019-11-26,return_eth,0.0116999999999999
2019-11-26,return_sp500,0.0022
2019-11-26,return_ssc,0.0003
2019-11-27,return_btc,0.0486
2019-11-27,return_eth,0.0344
2019-11-27,return_sp500,0.0042
2019-11-27,return_ssc,-0.0013
2019-11-29,return_btc,0.0426
2019-11-29,return_eth,0.023
2019-11-29,return_sp500,-0.004
2019-11-29,return_ssc,-0.0060999999999999
2019-12-02,return_btc,-0.0133
2019-12-02,return_eth,-0.0143
2019-12-02,return_sp500,-0.0086
2019-12-02,return_ssc,0.0013
2019-12-03,return_btc,-0.0009
2019-12-03,return_eth,-0.0072
2019-12-03,return_sp500,-0.0066
2019-12-03,return_ssc,0.0031
2019-12-04,return_btc,-0.012
2019-12-04,return_eth,-0.0137
2019-12-04,return_sp500,0.0063
2019-12-04,return_ssc,-0.0023
2019-12-05,return_btc,0.027
2019-12-05,return_eth,0.0199
2019-12-05,return_sp500,0.0015
2019-12-05,return_ssc,0.0074
2019-12-06,return_btc,0.0178
2019-12-06,return_eth,0.0013
2019-12-06,return_sp500,0.0091
2019-12-06,return_ssc,0.0043
2019-12-09,return_btc,-0.0224
2019-12-09,return_eth,-0.0218
2019-12-09,return_sp500,-0.0032
2019-12-09,return_ssc,0.0008
2019-12-10,return_btc,-0.0163
2019-12-10,return_eth,-0.0137
2019-12-10,return_sp500,-0.0011
2019-12-10,return_ssc,0.001
2019-12-11,return_btc,-0.0038
2019-12-11,return_eth,-0.0161
2019-12-11,return_sp500,0.0029
2019-12-11,return_ssc,0.0024
2019-12-12,return_btc,0.0
2019-12-12,return_eth,0.0106
2019-12-12,return_sp500,0.0086
2019-12-12,return_ssc,-0.003
2019-12-13,return_btc,0.0065
2019-12-13,return_eth,-0.0005
2019-12-13,return_sp500,0.0001
2019-12-13,return_ssc,0.0178
2019-12-16,return_btc,-0.0316
2019-12-16,return_eth,-0.0684
2019-12-16,return_sp500,0.0070999999999999
2019-12-16,return_ssc,0.0056
2019-12-17,return_btc,-0.042
2019-12-17,return_eth,-0.0807
2019-12-17,return_sp500,0.0003
2019-12-17,return_ssc,0.0127
2019-12-18,return_btc,0.1002
2019-12-18,return_eth,0.0889
2019-12-18,return_sp500,-0.0004
2019-12-18,return_ssc,-0.0018
2019-12-19,return_btc,-0.0152
2019-12-19,return_eth,-0.0339
2019-12-19,return_sp500,0.0045
2019-12-19,return_ssc,0.0
2019-12-20,return_btc,0.0043
2019-12-20,return_eth,0.0022
2019-12-20,return_sp500,0.0049
2019-12-20,return_ssc,-0.004
2019-12-23,return_btc,-0.0231
2019-12-23,return_eth,-0.0311
2019-12-23,return_sp500,0.0009
2019-12-23,return_ssc,-0.0139999999999999
2019-12-24,return_btc,-0.0074
2019-12-24,return_eth,-0.0002
2019-12-24,return_sp500,-0.0002
2019-12-24,return_ssc,0.0067
2019-12-26,return_btc,-0.0019
2019-12-26,return_eth,0.0055
2019-12-26,return_sp500,0.0051
2019-12-26,return_ssc,0.0085
2019-12-27,return_btc,0.0069999999999999
2019-12-27,return_eth,0.0038
2019-12-27,return_sp500,0.0
2019-12-27,return_ssc,-0.0008
2019-12-30,return_btc,-0.0184
2019-12-30,return_eth,-0.0191
2019-12-30,return_sp500,-0.0058
2019-12-30,return_ssc,0.0116
2019-12-31,return_btc,-0.009
2019-12-31,return_eth,-0.0199
2019-12-31,return_sp500,0.0029
2019-12-31,return_ssc,0.0033
2020-01-02,return_btc,-0.0323
2020-01-02,return_eth,-0.0272
2020-01-02,return_sp500,0.0084
2020-01-02,return_ssc,0.0115
2020-01-03,return_btc,0.054
2020-01-03,return_eth,0.0556
2020-01-03,return_sp500,-0.0070999999999999
2020-01-03,return_ssc,-0.0005
2020-01-06,return_btc,0.0524
2020-01-06,return_eth,0.0626
2020-01-06,return_sp500,0.0034999999999999
2020-01-06,return_ssc,-0.0001
2020-01-07,return_btc,0.0511
2020-01-07,return_eth,-0.0073
2020-01-07,return_sp500,-0.0028
2020-01-07,return_ssc,0.0069
2020-01-08,return_btc,-0.0118
2020-01-08,return_eth,-0.0156
2020-01-08,return_sp500,0.0049
2020-01-08,return_ssc,-0.0121999999999999
2020-01-09,return_btc,-0.027
2020-01-09,return_eth,-0.0204999999999999
2020-01-09,return_sp500,0.0067
2020-01-09,return_ssc,0.0091
2020-01-10,return_btc,0.044
2020-01-10,return_eth,0.0499
2020-01-10,return_sp500,-0.0029
2020-01-10,return_ssc,-0.0008
2020-01-13,return_btc,-0.0093
2020-01-13,return_eth,-0.0195
2020-01-13,return_sp500,0.0069999999999999
2020-01-13,return_ssc,0.0075
2020-01-14,return_btc,0.0885
2020-01-14,return_eth,0.1565
2020-01-14,return_sp500,-0.0015
2020-01-14,return_ssc,-0.0028
2020-01-15,return_btc,-0.0012
2020-01-15,return_eth,0.0023
2020-01-15,return_sp500,0.0019
2020-01-15,return_ssc,-0.0054
2020-01-16,return_btc,-0.0104
2020-01-16,return_eth,-0.0126
2020-01-16,return_sp500,0.0084
2020-01-16,return_ssc,-0.0052
2020-01-17,return_btc,0.0213
2020-01-17,return_eth,0.0356999999999999
2020-01-17,return_sp500,0.0039
2020-01-17,return_ssc,0.0005
2020-01-21,return_btc,0.0105
2020-01-21,return_eth,0.0152
2020-01-21,return_sp500,-0.0027
2020-01-21,return_ssc,-0.0141
2020-01-22,return_btc,-0.0062
2020-01-22,return_eth,-0.0076
2020-01-22,return_sp500,0.0003
2020-01-22,return_ssc,0.0028
2020-01-23,return_btc,-0.0315
2020-01-23,return_eth,-0.0317
2020-01-23,return_sp500,0.0011
2020-01-23,return_ssc,-0.0275
2020-02-03,return_btc,-0.0040999999999999
2020-02-03,return_eth,0.0069
2020-02-03,return_sp500,0.0073
2020-02-03,return_ssc,-0.0771999999999999
2020-02-04,return_btc,-0.011
2020-02-04,return_eth,-0.0045
2020-02-04,return_sp500,0.015
2020-02-04,return_ssc,0.0134
2020-02-05,return_btc,0.0454
2020-02-05,return_eth,0.0789
2020-02-05,return_sp500,0.0113
2020-02-05,return_ssc,0.0125
2020-02-06,return_btc,0.0167
2020-02-06,return_eth,0.0458
2020-02-06,return_sp500,0.0033
2020-02-06,return_ssc,0.0172
2020-02-07,return_btc,0.0048
2020-02-07,return_eth,0.0486
2020-02-07,return_sp500,-0.0054
2020-02-07,return_ssc,0.0033
2020-02-10,return_btc,-0.0293
2020-02-10,return_eth,-0.0247
2020-02-10,return_sp500,0.0073
2020-02-10,return_ssc,0.0051
2020-02-11,return_btc,0.0381
2020-02-11,return_eth,0.0619
2020-02-11,return_sp500,0.0017
2020-02-11,return_ssc,0.0039
2020-02-12,return_btc,0.0086
2020-02-12,return_eth,0.1217999999999999
2020-02-12,return_sp500,0.0065
2020-02-12,return_ssc,0.0087
2020-02-13,return_btc,-0.008
2020-02-13,return_eth,0.0118999999999999
2020-02-13,return_sp500,-0.0016
2020-02-13,return_ssc,-0.0070999999999999
2020-02-14,return_btc,0.0096
2020-02-14,return_eth,0.0613999999999999
2020-02-14,return_sp500,0.0018
2020-02-14,return_ssc,0.0038
2020-02-18,return_btc,0.0471
2020-02-18,return_eth,0.0546
2020-02-18,return_sp500,-0.0029
2020-02-18,return_ssc,0.0005
2020-02-19,return_btc,-0.054
2020-02-19,return_eth,-0.0819999999999999
2020-02-19,return_sp500,0.0046999999999999
2020-02-19,return_ssc,-0.0032
2020-02-20,return_btc,-0.0007000000000000001
2020-02-20,return_eth,-0.0067
2020-02-20,return_sp500,-0.0038
2020-02-20,return_ssc,0.0184
2020-02-21,return_btc,0.0085
2020-02-21,return_eth,0.03
2020-02-21,return_sp500,-0.0105
2020-02-21,return_ssc,0.0031
2020-02-24,return_btc,-0.0282
2020-02-24,return_eth,-0.033
2020-02-24,return_sp500,-0.0335
2020-02-24,return_ssc,-0.0028
2020-02-25,return_btc,-0.0356999999999999
2020-02-25,return_eth,-0.0704
2020-02-25,return_sp500,-0.0302999999999999
2020-02-25,return_ssc,-0.006
2020-02-26,return_btc,-0.0555
2020-02-26,return_eth,-0.0917999999999999
2020-02-26,return_sp500,-0.0038
2020-02-26,return_ssc,-0.0083
2020-02-27,return_btc,0.0021
2020-02-27,return_eth,0.0144
2020-02-27,return_sp500,-0.0441999999999999
2020-02-27,return_ssc,0.0011
2020-02-28,return_btc,-0.0137
2020-02-28,return_eth,-0.0026
2020-02-28,return_sp500,-0.0081999999999999
2020-02-28,return_ssc,-0.0371
2020-03-02,return_btc,0.0426999999999999
2020-03-02,return_eth,0.0637
2020-03-02,return_sp500,0.046
2020-03-02,return_ssc,0.0315
2020-03-03,return_btc,-0.0161
2020-03-03,return_eth,-0.0342
2020-03-03,return_sp500,-0.0281
2020-03-03,return_ssc,0.0074
2020-03-04,return_btc,-0.0004
2020-03-04,return_eth,0.002
2020-03-04,return_sp500,0.0421999999999999
2020-03-04,return_ssc,0.0063
2020-03-05,return_btc,0.0345
2020-03-05,return_eth,0.0181
2020-03-05,return_sp500,-0.0339
2020-03-05,return_ssc,0.0199
2020-03-06,return_btc,0.0081999999999999
2020-03-06,return_eth,0.072
2020-03-06,return_sp500,-0.0171
2020-03-06,return_ssc,-0.0121
2020-03-09,return_btc,-0.0126
2020-03-09,return_eth,0.0185
2020-03-09,return_sp500,-0.076
2020-03-09,return_ssc,-0.0301
2020-03-10,return_btc,-0.0053
2020-03-10,return_eth,-0.0113
2020-03-10,return_sp500,0.0494
2020-03-10,return_ssc,0.0182
2020-03-11,return_btc,0.0056
2020-03-11,return_eth,-0.0298
2020-03-11,return_sp500,-0.0489
2020-03-11,return_ssc,-0.0093999999999999
2020-03-12,return_btc,-0.3918
2020-03-12,return_eth,-0.4454999999999999
2020-03-12,return_sp500,-0.0951
2020-03-12,return_ssc,-0.0152
2020-03-13,return_btc,0.1571
2020-03-13,return_eth,0.2418
2020-03-13,return_sp500,0.0929
2020-03-13,return_ssc,-0.0123
2020-03-16,return_btc,-0.0626999999999999
2020-03-16,return_eth,-0.1072
2020-03-16,return_sp500,-0.1198
2020-03-16,return_ssc,-0.034
2020-03-17,return_btc,0.0458999999999999
2020-03-17,return_eth,0.0454
2020-03-17,return_sp500,0.06
2020-03-17,return_ssc,-0.0034
2020-03-18,return_btc,0.0191
2020-03-18,return_eth,0.0147
2020-03-18,return_sp500,-0.0518
2020-03-18,return_ssc,-0.0183
2020-03-19,return_btc,0.1512
2020-03-19,return_eth,0.15
2020-03-19,return_sp500,0.0046999999999999
2020-03-19,return_ssc,-0.0098
2020-03-20,return_btc,0.0054
2020-03-20,return_eth,-0.0156
2020-03-20,return_sp500,-0.0434
2020-03-20,return_ssc,0.0161
2020-03-23,return_btc,0.1110999999999999
2020-03-23,return_eth,0.1112
2020-03-23,return_sp500,-0.0293
2020-03-23,return_ssc,-0.0311
2020-03-24,return_btc,0.0426
2020-03-24,return_eth,0.0191
2020-03-24,return_sp500,0.0938
2020-03-24,return_ssc,0.0233999999999999
2020-03-25,return_btc,-0.0097
2020-03-25,return_eth,-0.0184
2020-03-25,return_sp500,0.0115
2020-03-25,return_ssc,0.0217
2020-03-26,return_btc,0.0069
2020-03-26,return_eth,0.017
2020-03-26,return_sp500,0.0624
2020-03-26,return_ssc,-0.006
2020-03-27,return_btc,-0.0523
2020-03-27,return_eth,-0.048
2020-03-27,return_sp500,-0.0337
2020-03-27,return_ssc,0.0026
2020-03-30,return_btc,0.085
2020-03-30,return_eth,0.0552
2020-03-30,return_sp500,0.0335
2020-03-30,return_ssc,-0.009
2020-03-31,return_btc,0.0034
2020-03-31,return_eth,0.0054
2020-03-31,return_sp500,-0.016
2020-03-31,return_ssc,0.0011
2020-04-01,return_btc,0.0352
2020-04-01,return_eth,0.021
2020-04-01,return_sp500,-0.0441
2020-04-01,return_ssc,-0.0056999999999999
2020-04-02,return_btc,0.0243999999999999
2020-04-02,return_eth,0.0416
2020-04-02,return_sp500,0.0227999999999999
2020-04-02,return_ssc,0.0169
2020-04-03,return_btc,-0.0095
2020-04-03,return_eth,-0.0011
2020-04-03,return_sp500,-0.0151
2020-04-03,return_ssc,-0.006
2020-04-07,return_btc,-0.0200999999999999
2020-04-07,return_eth,-0.0371
2020-04-07,return_sp500,-0.0016
2020-04-07,return_ssc,0.0204999999999999
2020-04-08,return_btc,0.0245
2020-04-08,return_eth,0.0503
2020-04-08,return_sp500,0.0341
2020-04-08,return_ssc,-0.0019
2020-04-09,return_btc,-0.0098
2020-04-09,return_eth,-0.0192
2020-04-09,return_sp500,0.0144999999999999
2020-04-09,return_ssc,0.0037
2020-04-13,return_btc,-0.011
2020-04-13,return_eth,-0.0148
2020-04-13,return_sp500,-0.0101
2020-04-13,return_ssc,-0.0049
2020-04-14,return_btc,0.0014
2020-04-14,return_eth,0.0133
2020-04-14,return_sp500,0.0306
2020-04-14,return_ssc,0.0159
2020-04-15,return_btc,-0.0324
2020-04-15,return_eth,-0.035
2020-04-15,return_sp500,-0.022
2020-04-15,return_ssc,-0.0056999999999999
2020-04-16,return_btc,0.0689
2020-04-16,return_eth,0.1268999999999999
2020-04-16,return_sp500,0.0058
2020-04-16,return_ssc,0.0031
2020-04-17,return_btc,-0.0069999999999999
2020-04-17,return_eth,-0.0097
2020-04-17,return_sp500,0.0268
2020-04-17,return_ssc,0.0066
2020-04-20,return_btc,-0.0406
2020-04-20,return_eth,-0.054
2020-04-20,return_sp500,-0.0179
2020-04-20,return_ssc,0.005
2020-04-21,return_btc,0.0013
2020-04-21,return_eth,0.0023
2020-04-21,return_sp500,-0.0306999999999999
2020-04-21,return_ssc,-0.009
2020-04-22,return_btc,0.0395
2020-04-22,return_eth,0.0699
2020-04-22,return_sp500,0.0229
2020-04-22,return_ssc,0.006
2020-04-23,return_btc,0.0528
2020-04-23,return_eth,0.015
2020-04-23,return_sp500,-0.0005
2020-04-23,return_ssc,-0.0019
2020-04-24,return_btc,0.002
2020-04-24,return_eth,0.0113999999999999
2020-04-24,return_sp500,0.0139
2020-04-24,return_ssc,-0.0106
2020-04-27,return_btc,0.0113
2020-04-27,return_eth,-0.0060999999999999
2020-04-27,return_sp500,0.0147
2020-04-27,return_ssc,0.0025
2020-04-28,return_btc,-0.0025
2020-04-28,return_eth,0.0021
2020-04-28,return_sp500,-0.0052
2020-04-28,return_ssc,-0.0019
2020-04-29,return_btc,0.1322
2020-04-29,return_eth,0.0959
2020-04-29,return_sp500,0.0266
2020-04-29,return_ssc,0.0044
2020-04-30,return_btc,-0.0162
2020-04-30,return_eth,-0.0426
2020-04-30,return_sp500,-0.0092
2020-04-30,return_ssc,0.0133
2020-05-06,return_btc,0.0167
2020-05-06,return_eth,-0.0308
2020-05-06,return_sp500,-0.0069999999999999
2020-05-06,return_ssc,0.0063
2020-05-07,return_btc,0.0905
2020-05-07,return_eth,0.0650999999999999
2020-05-07,return_sp500,0.0115
2020-05-07,return_ssc,-0.0023
2020-05-08,return_btc,-0.0174
2020-05-08,return_eth,-0.0026
2020-05-08,return_sp500,0.0169
2020-05-08,return_ssc,0.0083
2020-05-11,return_btc,-0.0182
2020-05-11,return_eth,-0.0097
2020-05-11,return_sp500,0.0002
2020-05-11,return_ssc,-0.0002
2020-05-12,return_btc,0.0273
2020-05-12,return_eth,0.0209
2020-05-12,return_sp500,-0.0204999999999999
2020-05-12,return_ssc,-0.0011
2020-05-13,return_btc,0.055
2020-05-13,return_eth,0.0513
2020-05-13,return_sp500,-0.0175
2020-05-13,return_ssc,0.0022
2020-05-14,return_btc,0.0516
2020-05-14,return_eth,0.0186
2020-05-14,return_sp500,0.0115
2020-05-14,return_ssc,-0.0096
2020-05-15,return_btc,-0.0471
2020-05-15,return_eth,-0.0415
2020-05-15,return_sp500,0.0039
2020-05-15,return_ssc,-0.0007000000000000001
2020-05-18,return_btc,0.0055
2020-05-18,return_eth,0.038
2020-05-18,return_sp500,0.0315
2020-05-18,return_ssc,0.0024
2020-05-19,return_btc,0.0044
2020-05-19,return_eth,-0.0017
2020-05-19,return_sp500,-0.0105
2020-05-19,return_ssc,0.0081
2020-05-20,return_btc,-0.0266999999999999
2020-05-20,return_eth,-0.0210999999999999
2020-05-20,return_sp500,0.0167
2020-05-20,return_ssc,-0.0051
2020-05-21,return_btc,-0.0475999999999999
2020-05-21,return_eth,-0.0535
2020-05-21,return_sp500,-0.0078
2020-05-21,return_ssc,-0.0055
2020-05-22,return_btc,0.0121999999999999
2020-05-22,return_eth,0.0433
2020-05-22,return_sp500,0.0024
2020-05-22,return_ssc,-0.0189
2020-05-26,return_btc,-0.0063
2020-05-26,return_eth,-0.0153
2020-05-26,return_sp500,0.0123
2020-05-26,return_ssc,0.0101
2020-05-27,return_btc,0.0403
2020-05-27,return_eth,0.0356999999999999
2020-05-27,return_sp500,0.0148
2020-05-27,return_ssc,-0.0034
2020-05-28,return_btc,0.0406
2020-05-28,return_eth,0.0576999999999999
2020-05-28,return_sp500,-0.0021
2020-05-28,return_ssc,0.0033
2020-05-29,return_btc,-0.0154
2020-05-29,return_eth,0.0021
2020-05-29,return_sp500,0.0048
2020-05-29,return_ssc,0.0022
2020-06-01,return_btc,0.0776999999999999
2020-06-01,return_eth,0.0697
2020-06-01,return_sp500,0.0038
2020-06-01,return_ssc,0.0220999999999999
2020-06-02,return_btc,-0.0649
2020-06-02,return_eth,-0.0405
2020-06-02,return_sp500,0.0081999999999999
2020-06-02,return_ssc,0.002
2020-06-03,return_btc,0.0147
2020-06-03,return_eth,0.0277
2020-06-03,return_sp500,0.0136
2020-06-03,return_ssc,0.0007000000000000001
2020-06-04,return_btc,0.0132
2020-06-04,return_eth,-0.0046999999999999
2020-06-04,return_sp500,-0.0034
2020-06-04,return_ssc,-0.0014
2020-06-05,return_btc,-0.0167
2020-06-05,return_eth,-0.0129
2020-06-05,return_sp500,0.0262
2020-06-05,return_ssc,0.004
2020-06-08,return_btc,0.0036
2020-06-08,return_eth,0.0066
2020-06-08,return_sp500,0.012
2020-06-08,return_ssc,0.0024
2020-06-09,return_btc,-0.0009
2020-06-09,return_eth,-0.0096
2020-06-09,return_sp500,-0.0078
2020-06-09,return_ssc,0.0062
2020-06-10,return_btc,0.0113
2020-06-10,return_eth,0.0162
2020-06-10,return_sp500,-0.0053
2020-06-10,return_ssc,-0.0042
2020-06-11,return_btc,-0.0603
2020-06-11,return_eth,-0.0689
2020-06-11,return_sp500,-0.0588999999999999
2020-06-11,return_ssc,-0.0078
2020-06-12,return_btc,0.0197
2020-06-12,return_eth,0.0296
2020-06-12,return_sp500,0.0131
2020-06-12,return_ssc,-0.0004
2020-06-15,return_btc,0.0086
2020-06-15,return_eth,-0.0046999999999999
2020-06-15,return_sp500,0.0083
2020-06-15,return_ssc,-0.0102
2020-06-16,return_btc,0.0104
2020-06-16,return_eth,0.0192
2020-06-16,return_sp500,0.019
2020-06-16,return_ssc,0.0144
2020-06-17,return_btc,-0.0062
2020-06-17,return_eth,-0.0063
2020-06-17,return_sp500,-0.0036
2020-06-17,return_ssc,0.0014
2020-06-18,return_btc,-0.0081
2020-06-18,return_eth,-0.0109
2020-06-18,return_sp500,0.0006
2020-06-18,return_ssc,0.0012
2020-06-19,return_btc,-0.0079
2020-06-19,return_eth,-0.0097
2020-06-19,return_sp500,-0.0056
2020-06-19,return_ssc,0.0096
2020-06-22,return_btc,0.0417
2020-06-22,return_eth,0.0663
2020-06-22,return_sp500,0.0065
2020-06-22,return_ssc,-0.0008
2020-06-23,return_btc,-0.0060999999999999
2020-06-23,return_eth,-0.0002
2020-06-23,return_sp500,0.0043
2020-06-23,return_ssc,0.0018
2020-06-24,return_btc,-0.0335
2020-06-24,return_eth,-0.0347
2020-06-24,return_sp500,-0.0259
2020-06-24,return_ssc,0.003
2020-06-29,return_btc,0.0067
2020-06-29,return_eth,0.0124
2020-06-29,return_sp500,0.0147
2020-06-29,return_ssc,-0.0060999999999999
2020-06-30,return_btc,-0.0054
2020-06-30,return_eth,-0.0098999999999999
2020-06-30,return_sp500,0.0154
2020-06-30,return_ssc,0.0078
2020-07-01,return_btc,0.0103
2020-07-01,return_eth,0.0236
2020-07-01,return_sp500,0.005
2020-07-01,return_ssc,0.0138
2020-07-02,return_btc,-0.0157
2020-07-02,return_eth,-0.0196
2020-07-02,return_sp500,0.0045
2020-07-02,return_ssc,0.0213
2020-07-06,return_btc,0.0283999999999999
2020-07-06,return_eth,0.0596
2020-07-06,return_sp500,0.0159
2020-07-06,return_ssc,0.0571
2020-07-07,return_btc,-0.0089
2020-07-07,return_eth,-0.0095
2020-07-07,return_sp500,-0.0108
2020-07-07,return_ssc,0.0037
2020-07-08,return_btc,0.0187999999999999
2020-07-08,return_eth,0.0324
2020-07-08,return_sp500,0.0078
2020-07-08,return_ssc,0.0174
2020-07-09,return_btc,-0.0206
2020-07-09,return_eth,-0.0200999999999999
2020-07-09,return_sp500,-0.0056
2020-07-09,return_ssc,0.0139
2020-07-10,return_btc,0.0053
2020-07-10,return_eth,-0.0032
2020-07-10,return_sp500,0.0105
2020-07-10,return_ssc,-0.0195
2020-07-13,return_btc,-0.0062
2020-07-13,return_eth,-0.0124
2020-07-13,return_sp500,-0.0093999999999999
2020-07-13,return_ssc,0.0177
2020-07-14,return_btc,0.0011
2020-07-14,return_eth,0.0032
2020-07-14,return_sp500,0.0134
2020-07-14,return_ssc,-0.0083
2020-07-15,return_btc,-0.0059
2020-07-15,return_eth,-0.0078
2020-07-15,return_sp500,0.0091
2020-07-15,return_ssc,-0.0156
2020-07-16,return_btc,-0.0069
2020-07-16,return_eth,-0.0208
2020-07-16,return_sp500,-0.0034
2020-07-16,return_ssc,-0.045
2020-07-17,return_btc,0.0022
2020-07-17,return_eth,-0.0039
2020-07-17,return_sp500,0.0028
2020-07-17,return_ssc,0.0013
2020-07-20,return_btc,-0.005
2020-07-20,return_eth,-0.0121999999999999
2020-07-20,return_sp500,0.0084
2020-07-20,return_ssc,0.0311
2020-07-21,return_btc,0.0246
2020-07-21,return_eth,0.0399
2020-07-21,return_sp500,0.0017
2020-07-21,return_ssc,0.002
2020-07-22,return_btc,0.0135
2020-07-22,return_eth,0.0723
2020-07-22,return_sp500,0.0056999999999999
2020-07-22,return_ssc,0.0037
2020-07-23,return_btc,0.009
2020-07-23,return_eth,0.0458
2020-07-23,return_sp500,-0.0123
2020-07-23,return_ssc,-0.0024
2020-07-24,return_btc,-0.0055
2020-07-24,return_eth,0.0144999999999999
2020-07-24,return_sp500,-0.0062
2020-07-24,return_ssc,-0.0385999999999999
2020-07-27,return_btc,0.1098
2020-07-27,return_eth,0.0343
2020-07-27,return_sp500,0.0074
2020-07-27,return_ssc,0.0026
2020-07-28,return_btc,-0.0104
2020-07-28,return_eth,-0.015
2020-07-28,return_sp500,-0.0065
2020-07-28,return_ssc,0.0070999999999999
2020-07-29,return_btc,0.0181
2020-07-29,return_eth,0.0027
2020-07-29,return_sp500,0.0124
2020-07-29,return_ssc,0.0206
2020-07-30,return_btc,-0.0009
2020-07-30,return_eth,0.0536
2020-07-30,return_sp500,-0.0038
2020-07-30,return_ssc,-0.0023
2020-07-31,return_btc,0.0214
2020-07-31,return_eth,0.0348
2020-07-31,return_sp500,0.0077
2020-07-31,return_ssc,0.0070999999999999
2020-08-03,return_btc,0.0141999999999999
2020-08-03,return_eth,0.0369
2020-08-03,return_sp500,0.0072
2020-08-03,return_ssc,0.0175
2020-08-04,return_btc,-0.0034999999999999
2020-08-04,return_eth,0.0098999999999999
2020-08-04,return_sp500,0.0036
2020-08-04,return_ssc,0.0011
2020-08-05,return_btc,0.0492
2020-08-05,return_eth,0.0287
2020-08-05,return_sp500,0.0064
2020-08-05,return_ssc,0.0017
2020-08-06,return_btc,0.0019
2020-08-06,return_eth,-0.0149
2020-08-06,return_sp500,0.0064
2020-08-06,return_ssc,0.0026
2020-08-07,return_btc,-0.0139999999999999
2020-08-07,return_eth,-0.0385999999999999
2020-08-07,return_sp500,0.0006
2020-08-07,return_ssc,-0.0096
2020-08-10,return_btc,0.0178
2020-08-10,return_eth,0.0136
2020-08-10,return_sp500,0.0027
2020-08-10,return_ssc,0.0075
2020-08-11,return_btc,-0.0419
2020-08-11,return_eth,-0.0418
2020-08-11,return_sp500,-0.008
2020-08-11,return_ssc,-0.0115
2020-08-12,return_btc,0.0146
2020-08-12,return_eth,0.0214
2020-08-12,return_sp500,0.0139999999999999
2020-08-12,return_ssc,-0.0063
2020-08-13,return_btc,0.0185
2020-08-13,return_eth,0.0960999999999999
2020-08-13,return_sp500,-0.002
2020-08-13,return_ssc,0.0004
2020-08-14,return_btc,-0.0017
2020-08-14,return_eth,0.0323
2020-08-14,return_sp500,-0.0002
2020-08-14,return_ssc,0.0118999999999999
2020-08-17,return_btc,0.0322
2020-08-17,return_eth,-0.0070999999999999
2020-08-17,return_sp500,0.0027
2020-08-17,return_ssc,0.0233999999999999
2020-08-18,return_btc,-0.0273
2020-08-18,return_eth,-0.0195
2020-08-18,return_sp500,0.0023
2020-08-18,return_ssc,0.0036
2020-08-19,return_btc,-0.0165
2020-08-19,return_eth,-0.0349
2020-08-19,return_sp500,-0.0044
2020-08-19,return_ssc,-0.0124
2020-08-20,return_btc,0.0091
2020-08-20,return_eth,0.0210999999999999
2020-08-20,return_sp500,0.0032
2020-08-20,return_ssc,-0.013
2020-08-21,return_btc,-0.0276
2020-08-21,return_eth,-0.0675
2020-08-21,return_sp500,0.0034
2020-08-21,return_ssc,0.005
2020-08-24,return_btc,0.0096
2020-08-24,return_eth,0.044
2020-08-24,return_sp500,0.01
2020-08-24,return_ssc,0.0015
2020-08-25,return_btc,-0.0365
2020-08-25,return_eth,-0.0601
2020-08-25,return_sp500,0.0036
2020-08-25,return_ssc,-0.0036
2020-08-26,return_btc,0.0121
2020-08-26,return_eth,0.0072
2020-08-26,return_sp500,0.0102
2020-08-26,return_ssc,-0.013
2020-08-27,return_btc,-0.0118
2020-08-27,return_eth,-0.0074
2020-08-27,return_sp500,0.0017
2020-08-27,return_ssc,0.0060999999999999
2020-08-28,return_btc,0.0177
2020-08-28,return_eth,0.0313
2020-08-28,return_sp500,0.0067
2020-08-28,return_ssc,0.016
2020-08-31,return_btc,-0.0049
2020-08-31,return_eth,0.0118
2020-08-31,return_sp500,-0.0022
2020-08-31,return_ssc,-0.0024
2020-09-01,return_btc,0.0232
2020-09-01,return_eth,0.0965
2020-09-01,return_sp500,0.0075
2020-09-01,return_ssc,0.0044
2020-09-02,return_btc,-0.0421
2020-09-02,return_eth,-0.0771999999999999
2020-09-02,return_sp500,0.0154
2020-09-02,return_ssc,-0.0017
2020-09-03,return_btc,-0.109
2020-09-03,return_eth,-0.1301
2020-09-03,return_sp500,-0.0351
2020-09-03,return_ssc,-0.0058
2020-09-04,return_btc,0.0299
2020-09-04,return_eth,0.0104
2020-09-04,return_sp500,-0.0081
2020-09-04,return_ssc,-0.0087
2020-09-08,return_btc,-0.0241
2020-09-08,return_eth,-0.0415
2020-09-08,return_sp500,-0.0278
2020-09-08,return_ssc,0.0072
2020-09-09,return_btc,0.0097
2020-09-09,return_eth,0.0404
2020-09-09,return_sp500,0.0200999999999999
2020-09-09,return_ssc,-0.0186
2020-09-10,return_btc,0.0113
2020-09-10,return_eth,0.0479
2020-09-10,return_sp500,-0.0176
2020-09-10,return_ssc,-0.0060999999999999
2020-09-11,return_btc,0.0049
2020-09-11,return_eth,0.0158
2020-09-11,return_sp500,0.0005
2020-09-11,return_ssc,0.0079
2020-09-14,return_btc,0.0338
2020-09-14,return_eth,0.0301
2020-09-14,return_sp500,0.0127
2020-09-14,return_ssc,0.0056999999999999
2020-09-15,return_btc,0.0103
2020-09-15,return_eth,-0.0337
2020-09-15,return_sp500,0.0052
2020-09-15,return_ssc,0.0051
2020-09-16,return_btc,0.0152
2020-09-16,return_eth,0.0024
2020-09-16,return_sp500,-0.0046
2020-09-16,return_ssc,-0.0036
2020-09-17,return_btc,-0.0007000000000000001
2020-09-17,return_eth,0.066
2020-09-17,return_sp500,-0.0084
2020-09-17,return_ssc,-0.0040999999999999
2020-09-18,return_btc,-0.0008
2020-09-18,return_eth,-0.0123
2020-09-18,return_sp500,-0.0112
2020-09-18,return_ssc,0.0207
2020-09-21,return_btc,-0.0462
2020-09-21,return_eth,-0.0803
2020-09-21,return_sp500,-0.0116
2020-09-21,return_ssc,-0.0063
2020-09-22,return_btc,0.011
2020-09-22,return_eth,0.008
2020-09-22,return_sp500,0.0105
2020-09-22,return_ssc,-0.0129
2020-09-23,return_btc,-0.0279
2020-09-23,return_eth,-0.07
2020-09-23,return_sp500,-0.0237
2020-09-23,return_ssc,0.0017
2020-09-24,return_btc,0.049
2020-09-24,return_eth,0.0913
2020-09-24,return_sp500,0.003
2020-09-24,return_ssc,-0.0172
2020-09-25,return_btc,-0.0046999999999999
2020-09-25,return_eth,0.0069999999999999
2020-09-25,return_sp500,0.016
2020-09-25,return_ssc,-0.0012
2020-09-28,return_btc,-0.0077
2020-09-28,return_eth,-0.0088
2020-09-28,return_sp500,0.0161
2020-09-28,return_ssc,-0.0006
2020-09-29,return_btc,0.0138
2020-09-29,return_eth,0.0163
2020-09-29,return_sp500,-0.0048
2020-09-29,return_ssc,0.0021
2020-09-30,return_btc,-0.006
2020-09-30,return_eth,-0.0013
2020-09-30,return_sp500,0.0083
2020-09-30,return_ssc,-0.002
2020-10-09,return_btc,0.0118999999999999
2020-10-09,return_eth,0.0412
2020-10-09,return_sp500,0.0088
2020-10-09,return_ssc,0.0168
2020-10-12,return_btc,0.0143
2020-10-12,return_eth,0.0334
2020-10-12,return_sp500,0.0163999999999999
2020-10-12,return_ssc,0.0264
2020-10-13,return_btc,-0.0095
2020-10-13,return_eth,-0.0141
2020-10-13,return_sp500,-0.0063
2020-10-13,return_ssc,0.0004
2020-10-14,return_btc,-0.0003
2020-10-14,return_eth,-0.0055
2020-10-14,return_sp500,-0.0066
2020-10-14,return_ssc,-0.0056
2020-10-15,return_btc,0.0072
2020-10-15,return_eth,-0.0045
2020-10-15,return_sp500,-0.0015
2020-10-15,return_ssc,-0.0026
2020-10-16,return_btc,-0.0157
2020-10-16,return_eth,-0.0325
2020-10-16,return_sp500,0.0001
2020-10-16,return_ssc,0.0013
2020-10-19,return_btc,0.0214
2020-10-19,return_eth,0.0037
2020-10-19,return_sp500,-0.0163
2020-10-19,return_ssc,-0.0070999999999999
2020-10-20,return_btc,0.0136
2020-10-20,return_eth,-0.0286
2020-10-20,return_sp500,0.0046999999999999
2020-10-20,return_ssc,0.0046999999999999
2020-10-21,return_btc,0.0751
2020-10-21,return_eth,0.062
2020-10-21,return_sp500,-0.0022
2020-10-21,return_ssc,-0.0009
2020-10-22,return_btc,0.013
2020-10-22,return_eth,0.0584
2020-10-22,return_sp500,0.0052
2020-10-22,return_ssc,-0.0038
2020-10-23,return_btc,-0.0031
2020-10-23,return_eth,-0.0133
2020-10-23,return_sp500,0.0034
2020-10-23,return_ssc,-0.0104
2020-10-26,return_btc,0.0023
2020-10-26,return_eth,-0.0295
2020-10-26,return_sp500,-0.0186
2020-10-26,return_ssc,-0.0081999999999999
2020-10-27,return_btc,0.0455999999999999
2020-10-27,return_eth,0.0229
2020-10-27,return_sp500,-0.003
2020-10-27,return_ssc,0.001
2020-10-28,return_btc,-0.0277
2020-10-28,return_eth,-0.0372
2020-10-28,return_sp500,-0.0353
2020-10-28,return_ssc,0.0046
2020-10-29,return_btc,0.0134
2020-10-29,return_eth,-0.0034999999999999
2020-10-29,return_sp500,0.0118999999999999
2020-10-29,return_ssc,0.0011
2020-10-30,return_btc,0.0076
2020-10-30,return_eth,-0.0113
2020-10-30,return_sp500,-0.0121
2020-10-30,return_ssc,-0.0147
2020-11-02,return_btc,-0.0144
2020-11-02,return_eth,-0.0322
2020-11-02,return_sp500,0.0123
2020-11-02,return_ssc,0.0002
2020-11-03,return_btc,0.0338
2020-11-03,return_eth,0.0113999999999999
2020-11-03,return_sp500,0.0178
2020-11-03,return_ssc,0.0141999999999999
2020-11-04,return_btc,0.009
2020-11-04,return_eth,0.0368
2020-11-04,return_sp500,0.022
2020-11-04,return_ssc,0.0019
2020-11-05,return_btc,0.1018999999999999
2020-11-05,return_eth,0.0359
2020-11-05,return_sp500,0.0195
2020-11-05,return_ssc,0.013
2020-11-06,return_btc,-0.0006
2020-11-06,return_eth,0.0938
2020-11-06,return_sp500,-0.0003
2020-11-06,return_ssc,-0.0024
2020-11-09,return_btc,-0.0101
2020-11-09,return_eth,-0.0227999999999999
2020-11-09,return_sp500,0.0116999999999999
2020-11-09,return_ssc,0.0186
2020-11-10,return_btc,-0.0015
2020-11-10,return_eth,0.0133
2020-11-10,return_sp500,-0.0014
2020-11-10,return_ssc,-0.004
2020-11-11,return_btc,0.0256
2020-11-11,return_eth,0.0291
2020-11-11,return_sp500,0.0077
2020-11-11,return_ssc,-0.0053
2020-11-12,return_btc,0.0382
2020-11-12,return_eth,-0.0017
2020-11-12,return_sp500,-0.01
2020-11-12,return_ssc,-0.0011
2020-11-13,return_btc,0.0018
2020-11-13,return_eth,0.0297
2020-11-13,return_sp500,0.0136
2020-11-13,return_ssc,-0.0086
2020-11-16,return_btc,0.0478
2020-11-16,return_eth,0.0272
2020-11-16,return_sp500,0.0116
2020-11-16,return_ssc,0.0111
2020-11-17,return_btc,0.0566
2020-11-17,return_eth,0.0467
2020-11-17,return_sp500,-0.0048
2020-11-17,return_ssc,-0.0021
2020-11-18,return_btc,0.0064
2020-11-18,return_eth,-0.0070999999999999
2020-11-18,return_sp500,-0.0116
2020-11-18,return_ssc,0.0022
2020-11-19,return_btc,0.0016
2020-11-19,return_eth,-0.0153
2020-11-19,return_sp500,0.0039
2020-11-19,return_ssc,0.0046999999999999
2020-11-20,return_btc,0.049
2020-11-20,return_eth,0.0823
2020-11-20,return_sp500,-0.0068
2020-11-20,return_ssc,0.0044
2020-11-23,return_btc,-0.0018
2020-11-23,return_eth,0.0891
2020-11-23,return_sp500,0.0056
2020-11-23,return_ssc,0.0109
2020-11-24,return_btc,0.0421
2020-11-24,return_eth,-0.0069
2020-11-24,return_sp500,0.0162
2020-11-24,return_ssc,-0.0034
2020-11-25,return_btc,-0.0224
2020-11-25,return_eth,-0.0584
2020-11-25,return_sp500,-0.0016
2020-11-25,return_ssc,-0.0118999999999999
2020-11-27,return_btc,-0.002
2020-11-27,return_eth,-0.0023
2020-11-27,return_sp500,0.0024
2020-11-27,return_ssc,0.0113999999999999
2020-11-30,return_btc,0.0832
2020-11-30,return_eth,0.0703
2020-11-30,return_sp500,-0.0046
2020-11-30,return_ssc,-0.0049
2020-12-01,return_btc,-0.0471
2020-12-01,return_eth,-0.0491
2020-12-01,return_sp500,0.0113
2020-12-01,return_ssc,0.0177
2020-12-02,return_btc,0.0239
2020-12-02,return_eth,0.0212
2020-12-02,return_sp500,0.0018
2020-12-02,return_ssc,-0.0007000000000000001
2020-12-03,return_btc,0.0112
2020-12-03,return_eth,0.0306
2020-12-03,return_sp500,-0.0006
2020-12-03,return_ssc,-0.0021
2020-12-04,return_btc,-0.0399
2020-12-04,return_eth,-0.0785
2020-12-04,return_sp500,0.0088
2020-12-04,return_ssc,0.0007000000000000001
2020-12-07,return_btc,-0.0108
2020-12-07,return_eth,-0.0176
2020-12-07,return_sp500,-0.0019
2020-12-07,return_ssc,-0.0081
2020-12-08,return_btc,-0.044
2020-12-08,return_eth,-0.061
2020-12-08,return_sp500,0.0028
2020-12-08,return_ssc,-0.0019
2020-12-09,return_btc,0.012
2020-12-09,return_eth,0.0327
2020-12-09,return_sp500,-0.0079
2020-12-09,return_ssc,-0.0112
2020-12-10,return_btc,-0.0161
2020-12-10,return_eth,-0.0263
2020-12-10,return_sp500,-0.0013
2020-12-10,return_ssc,0.0004
2020-12-11,return_btc,-0.0123
2020-12-11,return_eth,-0.025
2020-12-11,return_sp500,-0.0013
2020-12-11,return_ssc,-0.0077
2020-12-14,return_btc,0.0051
2020-12-14,return_eth,-0.0083
2020-12-14,return_sp500,-0.0044
2020-12-14,return_ssc,0.0066
2020-12-15,return_btc,0.0084
2020-12-15,return_eth,0.0046
2020-12-15,return_sp500,0.0129
2020-12-15,return_ssc,-0.0006
2020-12-16,return_btc,0.0987
2020-12-16,return_eth,0.0823
2020-12-16,return_sp500,0.0018
2020-12-16,return_ssc,-0.0001
2020-12-17,return_btc,0.069
2020-12-17,return_eth,0.0091
2020-12-17,return_sp500,0.0058
2020-12-17,return_ssc,0.0113
2020-12-18,return_btc,0.0133
2020-12-18,return_eth,0.0166
2020-12-18,return_sp500,-0.0034999999999999
2020-12-18,return_ssc,-0.0029
2020-12-21,return_btc,-0.0318
2020-12-21,return_eth,-0.0476999999999999
2020-12-21,return_sp500,-0.0039
2020-12-21,return_ssc,0.0076
2020-12-22,return_btc,0.0482
2020-12-22,return_eth,0.0487
2020-12-22,return_sp500,-0.0021
2020-12-22,return_ssc,-0.0186
2020-12-23,return_btc,-0.0237
2020-12-23,return_eth,-0.0812
2020-12-23,return_sp500,0.0007000000000000001
2020-12-23,return_ssc,0.0076
2020-12-24,return_btc,0.0206
2020-12-24,return_eth,0.0455
2020-12-24,return_sp500,0.0034999999999999
2020-12-24,return_ssc,-0.0056999999999999
2020-12-28,return_btc,0.0302999999999999
2020-12-28,return_eth,0.0678
2020-12-28,return_sp500,0.0087
2020-12-28,return_ssc,0.0002
2020-12-29,return_btc,0.0118
2020-12-29,return_eth,0.0023
2020-12-29,return_sp500,-0.0022
2020-12-29,return_ssc,-0.0054
2020-12-30,return_btc,0.0545
2020-12-30,return_eth,0.0274
2020-12-30,return_sp500,0.0013
2020-12-30,return_ssc,0.0105
2020-12-31,return_btc,0.0028
2020-12-31,return_eth,-0.0210999999999999
2020-12-31,return_sp500,0.0064
2020-12-31,return_ssc,0.0172
2021-01-04,return_btc,-0.0283999999999999
2021-01-04,return_eth,0.0692
2021-01-04,return_sp500,-0.0148
2021-01-04,return_ssc,0.0086
2021-01-05,return_btc,0.0615
2021-01-05,return_eth,0.0548
2021-01-05,return_sp500,0.0070999999999999
2021-01-05,return_ssc,0.0073
2021-01-06,return_btc,0.0824
2021-01-06,return_eth,0.0984999999999999
2021-01-06,return_sp500,0.0056999999999999
2021-01-06,return_ssc,0.0063
2021-01-07,return_btc,0.0725
2021-01-07,return_eth,0.0137
2021-01-07,return_sp500,0.0148
2021-01-07,return_ssc,0.0070999999999999
2021-01-08,return_btc,0.0289
2021-01-08,return_eth,-0.0069999999999999
2021-01-08,return_sp500,0.0055
2021-01-08,return_ssc,-0.0017
2021-01-11,return_btc,-0.0693
2021-01-11,return_eth,-0.131
2021-01-11,return_sp500,-0.0066
2021-01-11,return_ssc,-0.0108
2021-01-12,return_btc,-0.0412999999999999
2021-01-12,return_eth,-0.0378
2021-01-12,return_sp500,0.0004
2021-01-12,return_ssc,0.0218
2021-01-13,return_btc,0.0969999999999999
2021-01-13,return_eth,0.0745
2021-01-13,return_sp500,0.0023
2021-01-13,return_ssc,-0.0027
2021-01-14,return_btc,0.048
2021-01-14,return_eth,0.0866
2021-01-14,return_sp500,-0.0038
2021-01-14,return_ssc,-0.0091
2021-01-15,return_btc,-0.0595
2021-01-15,return_eth,-0.0444
2021-01-15,return_sp500,-0.0072
2021-01-15,return_ssc,0.0001
2021-01-19,return_btc,-0.0167
2021-01-19,return_eth,0.0906
2021-01-19,return_sp500,0.0081
2021-01-19,return_ssc,-0.0083
2021-01-20,return_btc,-0.0146
2021-01-20,return_eth,0.004
2021-01-20,return_sp500,0.0139
2021-01-20,return_ssc,0.0046999999999999
2021-01-21,return_btc,-0.1306
2021-01-21,return_eth,-0.1889
2021-01-21,return_sp500,0.0003
2021-01-21,return_ssc,0.0107
2021-01-22,return_btc,0.07
2021-01-22,return_eth,0.1049
2021-01-22,return_sp500,-0.003
2021-01-22,return_ssc,-0.004
2021-01-25,return_btc,0.0003
2021-01-25,return_eth,-0.0521
2021-01-25,return_sp500,0.0036
2021-01-25,return_ssc,0.0048
2021-01-26,return_btc,0.0077
2021-01-26,return_eth,0.0366999999999999
2021-01-26,return_sp500,-0.0015
2021-01-26,return_ssc,-0.0151
2021-01-27,return_btc,-0.0646
2021-01-27,return_eth,-0.0868
2021-01-27,return_sp500,-0.0256999999999999
2021-01-27,return_ssc,0.0011
2021-01-28,return_btc,0.0977
2021-01-28,return_eth,0.0648
2021-01-28,return_sp500,0.0098
2021-01-28,return_ssc,-0.0191
2021-01-29,return_btc,0.0278
2021-01-29,return_eth,0.0383
2021-01-29,return_sp500,-0.0192999999999999
2021-01-29,return_ssc,-0.0063
2021-02-01,return_btc,0.0123
2021-02-01,return_eth,0.0462
2021-02-01,return_sp500,0.0161
2021-02-01,return_ssc,0.0064
2021-02-02,return_btc,0.0588
2021-02-02,return_eth,0.1003999999999999
2021-02-02,return_sp500,0.0139
2021-02-02,return_ssc,0.0081
2021-02-03,return_btc,0.0608999999999999
2021-02-03,return_eth,0.1012
2021-02-03,return_sp500,0.001
2021-02-03,return_ssc,-0.0046
2021-02-04,return_btc,-0.0177
2021-02-04,return_eth,-0.0423
2021-02-04,return_sp500,0.0109
2021-02-04,return_ssc,-0.0044
2021-02-05,return_btc,0.0356
2021-02-05,return_eth,0.0785
2021-02-05,return_sp500,0.0039
2021-02-05,return_ssc,-0.0016
2021-02-08,return_btc,0.1941
2021-02-08,return_eth,0.085
2021-02-08,return_sp500,0.0074
2021-02-08,return_ssc,0.0103
2021-02-09,return_btc,0.0024
2021-02-09,return_eth,0.0116999999999999
2021-02-09,return_sp500,-0.0011
2021-02-09,return_ssc,0.0200999999999999
2021-02-10,return_btc,-0.036
2021-02-10,return_eth,-0.0161
2021-02-10,return_sp500,-0.0003
2021-02-10,return_ssc,0.0143
2021-02-18,return_btc,-0.0095
2021-02-18,return_eth,0.0466
2021-02-18,return_sp500,-0.0044
2021-02-18,return_ssc,0.0055
2021-02-19,return_btc,0.0838
2021-02-19,return_eth,0.0111
2021-02-19,return_sp500,-0.0019
2021-02-19,return_ssc,0.0056999999999999
2021-02-22,return_btc,-0.0578
2021-02-22,return_eth,-0.0808
2021-02-22,return_sp500,-0.0077
2021-02-22,return_ssc,-0.0144999999999999
2021-02-23,return_btc,-0.0960999999999999
2021-02-23,return_eth,-0.1121
2021-02-23,return_sp500,0.0013
2021-02-23,return_ssc,-0.0017
2021-02-24,return_btc,0.0161
2021-02-24,return_eth,0.0289
2021-02-24,return_sp500,0.0113999999999999
2021-02-24,return_ssc,-0.0199
2021-02-25,return_btc,-0.0557
2021-02-25,return_eth,-0.0909
2021-02-25,return_sp500,-0.0245
2021-02-25,return_ssc,0.0059
2021-02-26,return_btc,-0.0124
2021-02-26,return_eth,-0.0208
2021-02-26,return_sp500,-0.0048
2021-02-26,return_ssc,-0.0212
2021-03-01,return_btc,0.0981
2021-03-01,return_eth,0.1066
2021-03-01,return_sp500,0.0237999999999999
2021-03-01,return_ssc,0.0121
2021-03-02,return_btc,-0.0236
2021-03-02,return_eth,-0.0518
2021-03-02,return_sp500,-0.0081
2021-03-02,return_ssc,-0.0121
2021-03-03,return_btc,0.0407
2021-03-03,return_eth,0.0554
2021-03-03,return_sp500,-0.0131
2021-03-03,return_ssc,0.0195
2021-03-04,return_btc,-0.039
2021-03-04,return_eth,-0.0206
2021-03-04,return_sp500,-0.0134
2021-03-04,return_ssc,-0.0204999999999999
2021-03-05,return_btc,0.0075
2021-03-05,return_eth,-0.0054
2021-03-05,return_sp500,0.0195
2021-03-05,return_ssc,-0.0004
2021-03-08,return_btc,0.0260999999999999
2021-03-08,return_eth,0.0598
2021-03-08,return_sp500,-0.0054
2021-03-08,return_ssc,-0.023
2021-03-09,return_btc,0.0491
2021-03-09,return_eth,0.0204999999999999
2021-03-09,return_sp500,0.0141999999999999
2021-03-09,return_ssc,-0.0182
2021-03-10,return_btc,0.0177
2021-03-10,return_eth,-0.0401
2021-03-10,return_sp500,0.006
2021-03-10,return_ssc,-0.0005
2021-03-11,return_btc,0.0349
2021-03-11,return_eth,0.0176
2021-03-11,return_sp500,0.0104
2021-03-11,return_ssc,0.0236
2021-03-12,return_btc,-0.0092
2021-03-12,return_eth,-0.0323
2021-03-12,return_sp500,0.001
2021-03-12,return_ssc,0.0046999999999999
2021-03-15,return_btc,-0.0562
2021-03-15,return_eth,-0.0306999999999999
2021-03-15,return_sp500,0.0065
2021-03-15,return_ssc,-0.0096
2021-03-16,return_btc,0.0197
2021-03-16,return_eth,0.0069999999999999
2021-03-16,return_sp500,-0.0016
2021-03-16,return_ssc,0.0078
2021-03-17,return_btc,0.0356
2021-03-17,return_eth,0.0103
2021-03-17,return_sp500,0.0029
2021-03-17,return_ssc,-0.0003
2021-03-18,return_btc,-0.0213
2021-03-18,return_eth,-0.0259
2021-03-18,return_sp500,-0.0148
2021-03-18,return_ssc,0.0051
2021-03-19,return_btc,0.0075
2021-03-19,return_eth,0.0189
2021-03-19,return_sp500,-0.0006
2021-03-19,return_ssc,-0.0169
2021-03-22,return_btc,-0.0562
2021-03-22,return_eth,-0.0567999999999999
2021-03-22,return_sp500,0.0069999999999999
2021-03-22,return_ssc,0.0113999999999999
2021-03-23,return_btc,0.0054
2021-03-23,return_eth,-0.0086
2021-03-23,return_sp500,-0.0076
2021-03-23,return_ssc,-0.0093
2021-03-24,return_btc,-0.0391
2021-03-24,return_eth,-0.0513
2021-03-24,return_sp500,-0.0055
2021-03-24,return_ssc,-0.013
2021-03-25,return_btc,-0.0192
2021-03-25,return_eth,0.0026
2021-03-25,return_sp500,0.0052
2021-03-25,return_ssc,-0.001
2021-03-26,return_btc,0.0724
2021-03-26,return_eth,0.0706
2021-03-26,return_sp500,0.0166
2021-03-26,return_ssc,0.0163
2021-03-29,return_btc,0.0332
2021-03-29,return_eth,0.077
2021-03-29,return_sp500,-0.0009
2021-03-29,return_ssc,0.005
2021-03-30,return_btc,0.02
2021-03-30,return_eth,0.0134
2021-03-30,return_sp500,-0.0032
2021-03-30,return_ssc,0.0062
2021-03-31,return_btc,-0.0001
2021-03-31,return_eth,0.0418
2021-03-31,return_sp500,0.0036
2021-03-31,return_ssc,-0.0043
2021-04-01,return_btc,-0.0008
2021-04-01,return_eth,0.0260999999999999
2021-04-01,return_sp500,0.0118
2021-04-01,return_ssc,0.0070999999999999
2021-04-06,return_btc,-0.0169
2021-04-06,return_eth,0.0024
2021-04-06,return_sp500,-0.001
2021-04-06,return_ssc,-0.0004
2021-04-07,return_btc,-0.0353
2021-04-07,return_eth,-0.0711
2021-04-07,return_sp500,0.0015
2021-04-07,return_ssc,-0.001
2021-04-08,return_btc,0.038
2021-04-08,return_eth,0.0604
2021-04-08,return_sp500,0.0042
2021-04-08,return_ssc,0.0008
2021-04-09,return_btc,0.0007000000000000001
2021-04-09,return_eth,-0.0062
2021-04-09,return_sp500,0.0077
2021-04-09,return_ssc,-0.0092
2021-04-12,return_btc,-0.0019
2021-04-12,return_eth,-0.0063
2021-04-12,return_sp500,-0.0002
2021-04-12,return_ssc,-0.0109
2021-04-13,return_btc,0.0613999999999999
2021-04-13,return_eth,0.0758
2021-04-13,return_sp500,0.0033
2021-04-13,return_ssc,-0.0048
2021-04-14,return_btc,-0.0088
2021-04-14,return_eth,0.0572
2021-04-14,return_sp500,-0.0040999999999999
2021-04-14,return_ssc,0.006
2021-04-15,return_btc,0.0037
2021-04-15,return_eth,0.034
2021-04-15,return_sp500,0.0111
2021-04-15,return_ssc,-0.0052
2021-04-16,return_btc,-0.0289999999999999
2021-04-16,return_eth,-0.0362
2021-04-16,return_sp500,0.0036
2021-04-16,return_ssc,0.0081
2021-04-19,return_btc,-0.01
2021-04-19,return_eth,-0.0342
2021-04-19,return_sp500,-0.0053
2021-04-19,return_ssc,0.0149
2021-04-20,return_btc,0.015
2021-04-20,return_eth,0.0794
2021-04-20,return_sp500,-0.0068
2021-04-20,return_ssc,-0.0013
2021-04-21,return_btc,-0.0471
2021-04-21,return_eth,0.0123
2021-04-21,return_sp500,0.0093
2021-04-21,return_ssc,-0.0
2021-04-22,return_btc,-0.0388
2021-04-22,return_eth,0.0171
2021-04-22,return_sp500,-0.0092
2021-04-22,return_ssc,-0.0023
2021-04-23,return_btc,-0.0113
2021-04-23,return_eth,-0.0141
2021-04-23,return_sp500,0.0109
2021-04-23,return_ssc,0.0026
2021-04-26,return_btc,0.1033
2021-04-26,return_eth,0.0935
2021-04-26,return_sp500,0.0018
2021-04-26,return_ssc,-0.0095
2021-04-27,return_btc,0.0187999999999999
2021-04-27,return_eth,0.0521999999999999
2021-04-27,return_sp500,-0.0002
2021-04-27,return_ssc,0.0004
2021-04-28,return_btc,-0.0034999999999999
2021-04-28,return_eth,0.0305
2021-04-28,return_sp500,-0.0008
2021-04-28,return_ssc,0.0042
2021-04-29,return_btc,-0.0233999999999999
2021-04-29,return_eth,0.0039
2021-04-29,return_sp500,0.0068
2021-04-29,return_ssc,0.0052
2021-04-30,return_btc,0.0776999999999999
2021-04-30,return_eth,0.0056
2021-04-30,return_sp500,-0.0072
2021-04-30,return_ssc,-0.0081
2021-05-06,return_btc,-0.018
2021-05-06,return_eth,-0.0093999999999999
2021-05-06,return_sp500,0.0081999999999999
2021-05-06,return_ssc,-0.0016
2021-05-07,return_btc,0.0165
2021-05-07,return_eth,-0.0024
2021-05-07,return_sp500,0.0074
2021-05-07,return_ssc,-0.0065
2021-05-10,return_btc,-0.0409999999999999
2021-05-10,return_eth,0.0065
2021-05-10,return_sp500,-0.0104
2021-05-10,return_ssc,0.0027
2021-05-11,return_btc,0.0152
2021-05-11,return_eth,0.0557
2021-05-11,return_sp500,-0.0087
2021-05-11,return_ssc,0.004
2021-05-12,return_btc,-0.129
2021-05-12,return_eth,-0.0853999999999999
2021-05-12,return_sp500,-0.0214
2021-05-12,return_ssc,0.0060999999999999
2021-05-13,return_btc,0.0065
2021-05-13,return_eth,-0.0242
2021-05-13,return_sp500,0.0121999999999999
2021-05-13,return_ssc,-0.0096
2021-05-14,return_btc,0.0027
2021-05-14,return_eth,0.0956
2021-05-14,return_sp500,0.0149
2021-05-14,return_ssc,0.0177
2021-05-17,return_btc,-0.0621
2021-05-17,return_eth,-0.0843999999999999
2021-05-17,return_sp500,-0.0025
2021-05-17,return_ssc,0.0078
2021-05-18,return_btc,-0.0148
2021-05-18,return_eth,0.0298
2021-05-18,return_sp500,-0.0085
2021-05-18,return_ssc,0.0032
2021-05-19,return_btc,-0.144
2021-05-19,return_eth,-0.2789
2021-05-19,return_sp500,-0.0029
2021-05-19,return_ssc,-0.0051
2021-05-20,return_btc,0.1088
2021-05-20,return_eth,0.1404
2021-05-20,return_sp500,0.0106
2021-05-20,return_ssc,-0.0011
2021-05-21,return_btc,-0.084
2021-05-21,return_eth,-0.124
2021-05-21,return_sp500,-0.0008
2021-05-21,return_ssc,-0.0058
2021-05-24,return_btc,0.1174
2021-05-24,return_eth,0.2596
2021-05-24,return_sp500,0.0098999999999999
2021-05-24,return_ssc,0.0031
2021-05-25,return_btc,-0.0096
2021-05-25,return_eth,0.022
2021-05-25,return_sp500,-0.0021
2021-05-25,return_ssc,0.024
2021-05-26,return_btc,0.0227
2021-05-26,return_eth,0.0664
2021-05-26,return_sp500,0.0019
2021-05-26,return_ssc,0.0034
2021-05-27,return_btc,-0.0212
2021-05-27,return_eth,-0.0516
2021-05-27,return_sp500,0.0012
2021-05-27,return_ssc,0.0043
2021-05-28,return_btc,-0.0717
2021-05-28,return_eth,-0.1175
2021-05-28,return_sp500,0.0008
2021-05-28,return_ssc,-0.0022
2021-06-01,return_btc,-0.0163999999999999
2021-06-01,return_eth,-0.0276
2021-06-01,return_sp500,-0.0005
2021-06-01,return_ssc,0.0026
2021-06-02,return_btc,0.0237
2021-06-02,return_eth,0.0275
2021-06-02,return_sp500,0.0014
2021-06-02,return_ssc,-0.0076
2021-06-03,return_btc,0.0434
2021-06-03,return_eth,0.0544
2021-06-03,return_sp500,-0.0036
2021-06-03,return_ssc,-0.0036
2021-06-04,return_btc,-0.0596
2021-06-04,return_eth,-0.0584999999999999
2021-06-04,return_sp500,0.0088
2021-06-04,return_ssc,0.0021
2021-06-07,return_btc,-0.0625
2021-06-07,return_eth,-0.0446
2021-06-07,return_sp500,-0.0008
2021-06-07,return_ssc,0.0021
2021-06-08,return_btc,-0.0058
2021-06-08,return_eth,-0.0316
2021-06-08,return_sp500,0.0002
2021-06-08,return_ssc,-0.0054
2021-06-09,return_btc,0.1183
2021-06-09,return_eth,0.0381
2021-06-09,return_sp500,-0.0018
2021-06-09,return_ssc,0.0032
2021-06-10,return_btc,-0.0183
2021-06-10,return_eth,-0.0523
2021-06-10,return_sp500,0.0046999999999999
2021-06-10,return_ssc,0.0054
2021-06-11,return_btc,0.0181
2021-06-11,return_eth,-0.048
2021-06-11,return_sp500,0.0019
2021-06-11,return_ssc,-0.0058
2021-06-15,return_btc,-0.0092
2021-06-15,return_eth,-0.0146
2021-06-15,return_sp500,-0.002
2021-06-15,return_ssc,-0.0092
2021-06-16,return_btc,-0.0453
2021-06-16,return_eth,-0.0694
2021-06-16,return_sp500,-0.0054
2021-06-16,return_ssc,-0.0107
2021-06-17,return_btc,-0.0074
2021-06-17,return_eth,0.0018
2021-06-17,return_sp500,-0.0004
2021-06-17,return_ssc,0.0021
2021-06-18,return_btc,-0.0605
2021-06-18,return_eth,-0.0599
2021-06-18,return_sp500,-0.0131
2021-06-18,return_ssc,-0.0001
2021-06-21,return_btc,-0.1097
2021-06-21,return_eth,-0.1572
2021-06-21,return_sp500,0.0139999999999999
2021-06-21,return_ssc,0.0012
2021-06-22,return_btc,0.0254
2021-06-22,return_eth,-0.0077
2021-06-22,return_sp500,0.0051
2021-06-22,return_ssc,0.008
2021-06-23,return_btc,0.0362
2021-06-23,return_eth,0.0489
2021-06-23,return_sp500,-0.0011
2021-06-23,return_ssc,0.0025
2021-06-24,return_btc,0.0294
2021-06-24,return_eth,0.0105
2021-06-24,return_sp500,0.0058
2021-06-24,return_ssc,0.0001
2021-06-25,return_btc,-0.0886
2021-06-25,return_eth,-0.0898
2021-06-25,return_sp500,0.0033
2021-06-25,return_ssc,0.0115
2021-06-28,return_btc,-0.0058
2021-06-28,return_eth,0.0521
2021-06-28,return_sp500,0.0023
2021-06-28,return_ssc,-0.0003
2021-06-29,return_btc,0.0394
2021-06-29,return_eth,0.0363
2021-06-29,return_sp500,0.0003
2021-06-29,return_ssc,-0.0092
2021-06-30,return_btc,-0.0225
2021-06-30,return_eth,0.0533
2021-06-30,return_sp500,0.0013
2021-06-30,return_ssc,0.005
2021-07-01,return_btc,-0.0423
2021-07-01,return_eth,-0.0724
2021-07-01,return_sp500,0.0052
2021-07-01,return_ssc,-0.0007000000000000001
2021-07-02,return_btc,0.008
2021-07-02,return_eth,0.0217
2021-07-02,return_sp500,0.0075
2021-07-02,return_ssc,-0.0195
2021-07-06,return_btc,0.016
2021-07-06,return_eth,0.0576
2021-07-06,return_sp500,-0.002
2021-07-06,return_ssc,-0.0011
2021-07-07,return_btc,-0.0105
2021-07-07,return_eth,-0.0026
2021-07-07,return_sp500,0.0034
2021-07-07,return_ssc,0.0066
2021-07-08,return_btc,-0.0296
2021-07-08,return_eth,-0.0848
2021-07-08,return_sp500,-0.0086
2021-07-08,return_ssc,-0.0079
2021-07-09,return_btc,0.0283
2021-07-09,return_eth,0.0121
2021-07-09,return_sp500,0.0113
2021-07-09,return_ssc,-0.0004
2021-07-12,return_btc,-0.0326
2021-07-12,return_eth,-0.0487
2021-07-12,return_sp500,0.0034999999999999
2021-07-12,return_ssc,0.0067
2021-07-13,return_btc,-0.0116
2021-07-13,return_eth,-0.0464
2021-07-13,return_sp500,-0.0034999999999999
2021-07-13,return_ssc,0.0053
2021-07-14,return_btc,0.0028
2021-07-14,return_eth,0.0278
2021-07-14,return_sp500,0.0012
2021-07-14,return_ssc,-0.0107
2021-07-15,return_btc,-0.0299
2021-07-15,return_eth,-0.0388
2021-07-15,return_sp500,-0.0033
2021-07-15,return_ssc,0.0102
2021-07-16,return_btc,-0.0139999999999999
2021-07-16,return_eth,-0.0203
2021-07-16,return_sp500,-0.0075
2021-07-16,return_ssc,-0.0070999999999999
2021-07-19,return_btc,-0.0298
2021-07-19,return_eth,-0.0393
2021-07-19,return_sp500,-0.0158
2021-07-19,return_ssc,-0.0001
2021-07-20,return_btc,-0.0338
2021-07-20,return_eth,-0.0176
2021-07-20,return_sp500,0.0152
2021-07-20,return_ssc,-0.0007000000000000001
2021-07-21,return_btc,0.0785
2021-07-21,return_eth,0.1167
2021-07-21,return_sp500,0.0081999999999999
2021-07-21,return_ssc,0.0073
2021-07-22,return_btc,0.0052
2021-07-22,return_eth,0.0151
2021-07-22,return_sp500,0.002
2021-07-22,return_ssc,0.0034
2021-07-23,return_btc,0.0404
2021-07-23,return_eth,0.0489
2021-07-23,return_sp500,0.0101
2021-07-23,return_ssc,-0.0068
2021-07-26,return_btc,0.0533
2021-07-26,return_eth,0.0181
2021-07-26,return_sp500,0.0024
2021-07-26,return_ssc,-0.0233999999999999
2021-07-27,return_btc,0.0584
2021-07-27,return_eth,0.0317
2021-07-27,return_sp500,-0.0046999999999999
2021-07-27,return_ssc,-0.0249
2021-07-28,return_btc,0.0139999999999999
2021-07-28,return_eth,-0.0005
2021-07-28,return_sp500,-0.0002
2021-07-28,return_ssc,-0.0058
2021-07-29,return_btc,-0.0
2021-07-29,return_eth,0.0356
2021-07-29,return_sp500,0.0042
2021-07-29,return_ssc,0.0149
2021-07-30,return_btc,0.055
2021-07-30,return_eth,0.0336
2021-07-30,return_sp500,-0.0054
2021-07-30,return_ssc,-0.0042
2021-08-02,return_btc,-0.0178
2021-08-02,return_eth,0.0203
2021-08-02,return_sp500,-0.0019
2021-08-02,return_ssc,0.0197
2021-08-03,return_btc,-0.0265
2021-08-03,return_eth,-0.0389
2021-08-03,return_sp500,0.0081999999999999
2021-08-03,return_ssc,-0.0046999999999999
2021-08-04,return_btc,0.0421
2021-08-04,return_eth,0.0872
2021-08-04,return_sp500,-0.0046
2021-08-04,return_ssc,0.0085
2021-08-05,return_btc,0.0283999999999999
2021-08-05,return_eth,0.0374
2021-08-05,return_sp500,0.006
2021-08-05,return_ssc,-0.0031
2021-08-06,return_btc,0.0472
2021-08-06,return_eth,0.022
2021-08-06,return_sp500,0.0017
2021-08-06,return_ssc,-0.0024
2021-08-09,return_btc,0.0569
2021-08-09,return_eth,0.0501
2021-08-09,return_sp500,-0.0009
2021-08-09,return_ssc,0.0105
2021-08-10,return_btc,-0.0149
2021-08-10,return_eth,-0.0069999999999999
2021-08-10,return_sp500,0.001
2021-08-10,return_ssc,0.0101
2021-08-11,return_btc,-0.0006
2021-08-11,return_eth,0.0073
2021-08-11,return_sp500,0.0025
2021-08-11,return_ssc,0.0008
2021-08-12,return_btc,-0.0255
2021-08-12,return_eth,-0.0379
2021-08-12,return_sp500,0.003
2021-08-12,return_ssc,-0.0022
2021-08-13,return_btc,0.0767
2021-08-13,return_eth,0.0916
2021-08-13,return_sp500,0.0016
2021-08-13,return_ssc,-0.0024
2021-08-16,return_btc,-0.0212
2021-08-16,return_eth,-0.0487
2021-08-16,return_sp500,0.0026
2021-08-16,return_ssc,0.0003
2021-08-17,return_btc,-0.0283999999999999
2021-08-17,return_eth,-0.0423
2021-08-17,return_sp500,-0.0069999999999999
2021-08-17,return_ssc,-0.02
2021-08-18,return_btc,0.0007000000000000001
2021-08-18,return_eth,0.0008
2021-08-18,return_sp500,-0.0107
2021-08-18,return_ssc,0.0111
2021-08-19,return_btc,0.0454
2021-08-19,return_eth,0.0557
2021-08-19,return_sp500,0.0013
2021-08-19,return_ssc,-0.0056999999999999
2021-08-20,return_btc,0.0549
2021-08-20,return_eth,0.0312
2021-08-20,return_sp500,0.0081
2021-08-20,return_ssc,-0.011
2021-08-23,return_btc,0.0058
2021-08-23,return_eth,0.0249
2021-08-23,return_sp500,0.0085
2021-08-23,return_ssc,0.0144999999999999
2021-08-24,return_btc,-0.0368
2021-08-24,return_eth,-0.0441
2021-08-24,return_sp500,0.0015
2021-08-24,return_ssc,0.0107
2021-08-25,return_btc,0.0268
2021-08-25,return_eth,0.0173
2021-08-25,return_sp500,0.0022
2021-08-25,return_ssc,0.0074
2021-08-26,return_btc,-0.0441
2021-08-26,return_eth,-0.0417
2021-08-26,return_sp500,-0.0058
2021-08-26,return_ssc,-0.0109
2021-08-27,return_btc,0.0476999999999999
2021-08-27,return_eth,0.0582
2021-08-27,return_sp500,0.0088
2021-08-27,return_ssc,0.0059
2021-08-30,return_btc,-0.0366
2021-08-30,return_eth,0.0011
2021-08-30,return_sp500,0.0043
2021-08-30,return_ssc,0.0017
